customer_id,monetary,frequency,recency
12346.0,169.36,2,166
12347.0,1323.32,2,4
12348.0,222.16,1,75
12349.0,2671.14,3,44
12351.0,300.93,1,12
12352.0,343.8,2,12
12353.0,317.76,1,45
12355.0,488.21,1,204
12356.0,3562.25,3,17
12358.0,2719.01,3,12
12359.0,2563.36,6,62
12360.0,1590.83,5,16
12361.0,321.35,3,99
12362.0,130.0,1,375
12366.0,500.24,1,270
12368.0,917.7,1,265
12369.0,1791.1499999999999,3,50
12370.0,774.62,3,261
12371.0,2179.42,3,46
12373.0,763.05,2,261
12374.0,2246.29,3,58
12376.0,503.15,2,26
12377.0,1798.2,2,18
12378.0,1407.7,1,199
12379.0,767.98,2,59
12385.0,1938.4,1,16
12386.0,258.90000000000003,1,3
12387.0,143.94,1,52
12388.0,1120.45,2,82
12389.0,1433.33,3,39
12391.0,2312.53,5,101
12392.0,234.75,1,228
12393.0,816.85,2,19
12395.0,2048.64,4,8
12396.0,931.43,1,311
12399.0,853.65,3,22
12400.0,205.25,1,51
12402.0,1031.3,5,29
12403.0,591.6600000000001,1,158
12406.0,2975.06,3,36
12408.0,1452.22,3,22
12410.0,320.38,1,139
12411.0,346.9,1,46
12412.0,1370.05,3,39
12413.0,241.35,1,39
12414.0,130.0,1,100
12416.0,202.56,1,293
12417.0,3167.81,11,47
12418.0,1352.62,3,50
12419.0,503.01,2,22
12421.0,291.56,2,52
12423.0,763.08,2,24
12424.0,1579.07,2,59
12425.0,964.21,1,85
12426.0,762.48,1,299
12427.0,303.5,1,8
12429.0,3735.5099999999998,5,2
12434.0,297.29,1,18
12439.0,1158.18,2,319
12440.0,859.2,2,99
12441.0,173.55,1,3
12443.0,485.31,1,369
12445.0,301.58,1,57
12449.0,768.6,2,47
12450.0,490.32,3,36
12451.0,3634.36,3,100
12455.0,3413.09,4,82
12457.0,632.6800000000001,1,72
12458.0,830.09,2,64
12459.0,454.36,1,242
12460.0,326.65,1,93
12467.0,132.8,1,60
12468.0,2941.2,3,163
12469.0,3070.54,2,159
12470.0,211.95,1,326
12475.0,426.26,1,46
12480.0,2183.22,3,36
12483.0,2635.6,11,15
12484.0,1828.43,6,120
12485.0,708.1,1,166
12486.0,1037.28,1,68
12487.0,285.3,1,367
12492.0,452.0,1,40
12494.0,626.77,3,2
12495.0,357.4,1,277
12496.0,54.09,2,257
12499.0,393.72,1,197
12500.0,1697.39,8,72
12503.0,1126.0,1,221
12504.0,297.0,2,54
12505.0,955.2,1,45
12507.0,539.25,1,221
12510.0,2784.46,5,96
12511.0,3084.02,1,65
12514.0,580.08,1,278
12516.0,1336.56,2,67
12519.0,385.7,1,113
12525.0,973.73,3,135
12527.0,386.8,2,131
12529.0,316.48,1,165
12530.0,2096.98,5,52
12531.0,1807.98,1,323
12533.0,1367.89,2,264
12537.0,732.9399999999999,1,45
12538.0,276.5,1,15
12542.0,481.88,2,121
12543.0,980.25,1,85
12547.0,175.78,1,137
12549.0,1575.6799999999998,6,212
12553.0,916.47,2,22
12554.0,468.5,1,85
12562.0,1185.18,2,22
12563.0,249.24,1,45
12568.0,70.0,1,281
12573.0,556.87,4,18
12575.0,622.82,2,94
12576.0,826.89,3,29
12577.0,995.9499999999999,5,18
12578.0,1847.94,2,22
12580.0,637.2,1,213
12582.0,1469.04,2,59
12586.0,1865.73,3,11
12588.0,743.88,3,36
12589.0,2993.23,5,58
12591.0,899.3,2,27
12592.0,1430.04,2,156
12594.0,1751.89,5,15
12595.0,299.02,1,141
12598.0,1511.01,3,100
12599.0,1264.14,6,18
12600.0,2440.31,11,8
12601.0,104.2,1,41
12605.0,1232.95,4,13
12608.0,415.79,1,41
12609.0,2309.0099999999998,6,11
12613.0,3490.69,5,25
12615.0,3449.79,4,50
12616.0,417.8,1,25
12619.0,140.14,1,197
12623.0,3442.74,6,53
12625.0,2481.06,2,146
12629.0,1558.22,2,22
12631.0,2841.07,5,93
12632.0,804.88,2,157
12633.0,3514.18,3,19
12634.0,490.0,2,172
12635.0,1241.23,2,29
12636.0,141.0,1,375
12637.0,2318.41,4,15
12638.0,249.8,1,276
12639.0,826.27,2,71
12644.0,1440.58,3,67
12645.0,1764.12,4,46
12648.0,793.95,3,74
12649.0,1671.14,5,19
12651.0,263.75,3,15
12652.0,97.05,1,71
12653.0,1950.98,1,163
12655.0,261.35,1,60
12656.0,2356.66,3,62
12661.0,162.0,1,73
12662.0,3138.24,10,10
12663.0,239.4,2,261
12664.0,1188.16,2,151
12665.0,250.6,2,54
12666.0,1248.42,1,31
12670.0,764.24,2,22
12671.0,2622.48,1,243
12672.0,211.15,1,232
12673.0,619.5,1,38
12675.0,958.5,2,190
12676.0,1511.7,5,45
12677.0,395.1,2,192
12686.0,89.14,1,8
12687.0,2138.91,2,117
12691.0,134.6,1,57
12692.0,110.95,1,274
12693.0,847.11,3,33
12694.0,973.68,1,58
12695.0,825.02,3,165
12696.0,851.91,2,71
12698.0,339.75,1,227
12699.0,638.11,1,54
12701.0,1648.7,4,166
12703.0,722.98,3,270
12708.0,2601.19,9,5
12711.0,1339.05,2,248
12712.0,2797.53,10,2
12717.0,277.93,1,227
12720.0,2478.94,6,6
12721.0,1356.95,2,22
12724.0,1286.11,3,20
12725.0,2266.7599999999998,4,8
12726.0,1405.5,4,24
12727.0,1698.83,3,79
12728.0,233.84,1,20
12730.0,829.25,1,158
12733.0,2040.07,3,26
12734.0,529.25,2,11
12738.0,155.35,1,9
12739.0,1460.69,2,22
12741.0,406.07,2,166
12742.0,1201.52,1,262
12745.0,723.85,2,123
12746.0,254.55,1,177
12749.0,2806.48,4,36
12751.0,268.27,1,81
12759.0,3489.2999999999997,5,23
12760.0,347.8,1,92
12761.0,757.95,1,101
12763.0,320.08,1,6
12765.0,1404.58,6,109
12766.0,3078.65,3,3
12767.0,949.8199999999999,1,12
12768.0,168.69,1,87
12770.0,1895.0,1,93
12771.0,282.3,1,122
12773.0,124.25,1,201
12774.0,98.7,1,172
12775.0,300.08,2,25
12776.0,55.5,1,304
12777.0,519.45,1,94
12778.0,953.4499999999999,3,33
12779.0,2740.91,7,8
12780.0,337.4,1,235
12782.0,2287.32,6,11
12784.0,1230.33,1,166
12785.0,788.45,2,172
12786.0,728.5,1,246
12787.0,398.52,1,50
12788.0,444.9,4,100
12789.0,181.5,2,149
12790.0,266.93,1,47
12791.0,731.8299999999999,5,10
12792.0,426.46999999999997,1,171
12793.0,471.85,2,8
12796.0,381.0,1,265
12797.0,552.08,2,2
12798.0,1533.89,1,58
12799.0,219.35,1,166
12800.0,584.25,3,107
12801.0,1071.82,1,137
12802.0,1968.84,4,81
12803.0,1092.81,1,30
12804.0,327.02,2,102
12805.0,1434.95,4,18
12806.0,2858.96,3,72
12807.0,330.35,1,20
12808.0,422.45,3,5
12809.0,1266.63,2,202
12810.0,534.99,2,171
12811.0,519.05,2,15
12813.0,1687.8,3,138
12817.0,524.94,2,36
12819.0,540.52,1,95
12820.0,1747.18,7,34
12821.0,128.07999999999998,1,248
12825.0,518.63,2,158
12826.0,1481.03,6,2
12829.0,92.3,1,187
12831.0,236.06,2,100
12837.0,554.31,1,206
12838.0,2715.35,9,10
12840.0,1315.2,3,74
12842.0,799.0,2,41
12844.0,322.64,2,79
12847.0,765.36,1,24
12848.0,208.0,1,312
12849.0,2030.82,4,18
12850.0,330.0,1,82
12851.0,148.95,1,114
12853.0,1950.4,5,64
12854.0,1669.52,4,198
12855.0,612.84,4,9
12857.0,2581.6,4,73
12858.0,177.92,1,20
12859.0,575.1,1,95
12860.0,55.47,1,330
12861.0,68.25,1,256
12862.0,1008.3199999999999,2,62
12863.0,2271.35,5,16
12864.0,152.45,1,145
12865.0,1755.24,2,15
12866.0,668.23,2,111
12868.0,640.0,3,10
12869.0,337.66999999999996,1,318
12870.0,1676.95,3,12
12871.0,363.38,1,76
12872.0,3085.52,11,2
12873.0,1653.3,2,34
12874.0,948.42,2,22
12875.0,1013.76,3,108
12876.0,1863.77,2,31
12877.0,1419.4,8,38
12880.0,640.13,2,18
12887.0,222.4,1,20
12889.0,385.46,4,18
12890.0,336.8,1,24
12891.0,509.5,8,95
12892.0,263.38,1,33
12894.0,157.35,1,212
12897.0,297.75,2,18
12898.0,310.96,2,100
12899.0,366.4,1,50
12900.0,340.33,1,59
12903.0,833.53,1,65
12905.0,1018.42,2,213
12907.0,508.91,2,32
12908.0,1026.0,3,17
12909.0,924.52,3,61
12910.0,2721.48,5,16
12911.0,1680.47,1,188
12914.0,223.98,1,37
12915.0,811.1,3,9
12916.0,1647.87,3,79
12917.0,3765.2,5,37
12920.0,323.86,3,208
12923.0,612.9,2,27
12924.0,1535.7,8,30
12925.0,35.28,1,229
12926.0,1548.08,4,48
12927.0,197.31,1,31
12928.0,2242.19,7,15
12932.0,1698.56,8,176
12933.0,1079.5,5,17
12934.0,181.65,1,373
12935.0,2083.16,8,12
12937.0,1593.34,5,100
12941.0,377.49,1,361
12942.0,258.75,1,2
12943.0,496.5,2,195
12945.0,437.16,1,293
12946.0,324.45,1,73
12947.0,304.03999999999996,1,10
12948.0,252.48,2,367
12951.0,2149.65,9,23
12953.0,498.96,1,159
12954.0,162.45,1,275
12956.0,413.82,3,321
12958.0,539.49,2,37
12959.0,150.95,1,121
12960.0,1322.07,4,50
12961.0,211.99,1,16
12963.0,1744.96,5,2
12964.0,132.24,1,74
12967.0,2646.02,2,8
12969.0,122.45,1,239
12970.0,1071.67,6,17
12972.0,1161.2,4,50
12973.0,385.55,1,50
12974.0,264.15,1,202
12975.0,2100.09,6,73
12976.0,2417.7799999999997,7,15
12977.0,478.39,3,138
12978.0,2502.82,5,22
12979.0,517.7,1,366
12982.0,2354.27,7,31
12983.0,490.08,1,235
12986.0,2729.84,10,65
12987.0,753.51,3,57
12990.0,546.0,4,54
12991.0,261.06,1,26
12992.0,93.35,1,362
12993.0,844.87,4,82
12996.0,355.5,1,12
12997.0,884.02,4,31
12998.0,920.0799999999999,3,129
13000.0,497.65,1,362
13002.0,293.18,2,53
13005.0,485.97999999999996,2,68
13007.0,175.25,1,216
13008.0,382.66,2,34
13009.0,234.0,1,309
13010.0,330.12,2,11
13011.0,50.55,1,9
13012.0,1310.99,3,66
13014.0,1914.8,1,69
13015.0,3240.14,6,75
13018.0,2485.46,7,50
13019.0,1229.95,6,16
13020.0,618.96,2,199
13021.0,2270.86,8,11
13022.0,65.3,1,66
13023.0,759.13,1,165
13024.0,555.87,2,107
13025.0,323.39,1,368
13026.0,757.72,4,125
13029.0,679.8,2,11
13030.0,427.74,1,5
13031.0,3419.27,5,44
13032.0,1833.3700000000001,7,29
13033.0,30.0,1,66
13034.0,279.90999999999997,2,6
13035.0,442.32,1,68
13036.0,307.1,1,321
13037.0,3033.88,9,36
13039.0,1010.73,4,221
13041.0,799.13,4,87
13042.0,1556.54,3,235
13045.0,503.64,2,38
13046.0,319.94,1,93
13048.0,2248.3,5,73
13049.0,751.56,2,26
13051.0,155.8,2,215
13052.0,2819.53,6,57
13053.0,127.65,1,258
13055.0,1106.7,1,66
13056.0,209.48,1,188
13057.0,722.09,3,167
13059.0,2119.77,9,50
13063.0,188.4,1,117
13064.0,561.25,2,187
13065.0,1055.05,5,10
13067.0,393.05,2,46
13070.0,522.9,3,96
13071.0,129.22,1,249
13073.0,418.08,2,48
13074.0,1378.74,4,148
13076.0,135.4,1,94
13077.0,2335.4,8,3
13079.0,199.08,1,54
13080.0,222.65,3,38
13083.0,91.67999999999999,1,62
13084.0,122.39999999999999,1,128
13085.0,2017.2,6,316
13086.0,439.33,1,19
13087.0,313.64,1,363
13088.0,236.11,1,54
13091.0,762.98,1,366
13092.0,1662.45,7,51
13094.0,505.79999999999995,2,5
13096.0,419.7,1,31
13101.0,594.21,3,135
13103.0,465.7,2,74
13104.0,610.62,3,52
13105.0,72.0,1,73
13106.0,526.96,1,50
13107.0,3721.45,5,50
13108.0,748.46,2,9
13109.0,347.49,1,188
13110.0,1468.8,5,74
13111.0,321.88000000000005,1,355
13112.0,20.599999999999998,1,178
13114.0,234.38,1,367
13115.0,3199.92,6,16
13118.0,1217.6,4,13
13119.0,134.9,1,305
13123.0,506.75,2,109
13124.0,916.12,1,22
13125.0,158.57,1,160
13126.0,1898.61,7,3
13128.0,263.5,1,268
13129.0,233.25,2,89
13131.0,2240.47,4,55
13133.0,90.65,1,96
13134.0,681.65,2,39
13135.0,275.45,1,128
13136.0,3666.95,8,12
13138.0,504.85,2,9
13139.0,3138.04,1,74
13140.0,791.96,3,3
13143.0,405.1,1,221
13144.0,24.4,1,68
13145.0,805.0,4,9
13150.0,449.96999999999997,3,121
13151.0,1312.37,2,262
13152.0,2146.38,7,54
13154.0,1624.84,3,36
13155.0,778.42,3,5
13156.0,1586.54,3,22
13158.0,307.12,1,25
13161.0,366.13,1,137
13163.0,17.65,1,247
13164.0,372.2,2,206
13165.0,429.68,1,50
13166.0,466.98,1,51
13167.0,333.82,1,27
13168.0,556.12,1,179
13169.0,127.2,1,199
13172.0,69.6,1,37
13173.0,2275.7,10,4
13175.0,831.45,2,219
13177.0,229.75,1,67
13179.0,572.31,1,255
13180.0,86.1,1,244
13181.0,359.69,1,18
13183.0,3078.4,6,31
13187.0,111.99,3,261
13190.0,570.66,3,181
13191.0,159.21,1,295
13192.0,1646.6399999999999,4,172
13194.0,412.08,1,58
13195.0,172.38,1,51
13196.0,1271.06,3,80
13197.0,373.01,1,246
13198.0,1572.99,2,24
13201.0,1240.61,4,139
13202.0,1580.3,7,31
13203.0,1778.79,6,23
13204.0,966.66,1,368
13205.0,2803.2,1,80
13207.0,285.6,2,88
13208.0,764.6,3,86
13209.0,2617.9,5,151
13211.0,1531.9,7,18
13213.0,2330.94,6,20
13214.0,3264.23,7,54
13215.0,81.6,1,39
13217.0,132.5,1,292
13219.0,76.23,1,255
13220.0,516.8,1,212
13222.0,88.5,1,214
13223.0,805.92,4,60
13226.0,204.25,1,30
13233.0,571.34,2,57
13234.0,356.95,2,309
13237.0,643.0,1,24
13238.0,305.9,2,67
13239.0,1265.1299999999999,4,74
13240.0,1069.42,5,2
13241.0,115.58,1,48
13242.0,429.0,4,88
13243.0,677.97,4,86
13245.0,558.72,1,69
13246.0,1400.13,5,30
13249.0,897.52,6,38
13250.0,256.04,2,97
13251.0,252.68,1,39
13252.0,399.3,2,31
13253.0,1920.71,2,67
13254.0,51.41,1,13
13255.0,504.95,2,10
13257.0,149.75,1,73
13258.0,336.59999999999997,2,16
13259.0,1137.31,8,34
13262.0,373.15999999999997,2,26
13263.0,1250.6200000000001,4,30
13264.0,722.56,1,79
13266.0,2300.78,7,50
13270.0,590.0,1,3
13274.0,360.85,1,46
13275.0,241.66,2,20
13276.0,1348.33,3,34
13277.0,264.9,3,17
13278.0,882.62,3,36
13280.0,1507.77,4,16
13281.0,350.85,1,76
13282.0,181.05,1,43
13283.0,279.7,2,204
13285.0,655.47,2,237
13286.0,734.91,1,237
13287.0,781.59,3,240
13288.0,927.61,5,80
13289.0,307.95,1,360
13291.0,2959.73,10,51
13292.0,415.57,3,52
13293.0,1192.94,6,29
13294.0,815.79,1,283
13295.0,900.77,3,13
13296.0,705.11,5,60
13297.0,2278.77,3,22
13299.0,1076.2,2,60
13300.0,913.62,2,25
13302.0,95.45,1,163
13303.0,61.72,1,37
13304.0,917.5699999999999,3,92
13305.0,1753.85,7,9
13306.0,53.65,1,67
13307.0,258.34,2,124
13308.0,284.86,1,233
13309.0,249.57999999999998,1,29
13310.0,409.17,2,17
13312.0,124.75,1,88
13313.0,1890.0,7,116
13315.0,310.26,1,326
13320.0,679.4,2,71
13324.0,3391.52,8,65
13326.0,281.76,1,69
13330.0,1665.25,3,92
13331.0,262.4,1,38
13333.0,1015.74,3,48
13334.0,2726.93,2,173
13337.0,1575.26,1,183
13338.0,1908.6,3,178
13346.0,299.4,6,99
13357.0,3207.41,4,131
13359.0,553.75,1,40
13360.0,1503.6499999999999,4,68
13361.0,1450.5,2,109
13362.0,2303.33,3,15
13363.0,731.36,1,46
13367.0,460.2,1,68
13368.0,448.1,2,51
13369.0,258.28,1,2
13370.0,754.87,1,8
13371.0,2297.66,2,142
13374.0,372.8,2,51
13375.0,1013.58,1,81
13377.0,1452.88,2,33
13380.0,62.4,1,69
13382.0,1164.59,4,65
13383.0,305.28,1,180
13384.0,2528.9,4,27
13386.0,835.46,2,51
13387.0,184.34,1,54
13388.0,508.55,1,240
13392.0,91.14,1,314
13393.0,1131.45,4,220
13395.0,872.51,2,37
13397.0,1647.74,5,74
13398.0,213.0,1,85
13399.0,275.4,3,101
13400.0,310.83,1,219
13402.0,913.9,3,9
13403.0,154.5,2,24
13405.0,641.36,3,118
13406.0,568.92,2,64
13407.0,2244.7,3,215
13410.0,1198.9,4,30
13412.0,487.35,1,257
13413.0,429.44,6,276
13414.0,1103.64,3,100
13415.0,800.67,4,109
13416.0,228.3,1,373
13417.0,1028.66,4,184
13421.0,2252.04,6,43
13423.0,217.03,1,65
13424.0,572.77,1,86
13425.0,1779.42,2,145
13427.0,423.93,3,114
13428.0,281.51,2,151
13431.0,2047.1399999999999,6,43
13432.0,436.55,2,208
13433.0,658.32,4,138
13434.0,1132.62,3,22
13435.0,665.34,2,13
13438.0,46.5,1,184
13439.0,702.9,2,25
13440.0,1295.25,7,60
13441.0,424.26,1,68
13442.0,419.87,3,304
13443.0,1276.3700000000001,6,85
13444.0,631.68,2,11
13445.0,241.89999999999998,1,263
13450.0,2076.32,7,11
13452.0,139.8,1,109
13453.0,424.71,1,39
13454.0,219.87,1,278
13455.0,1847.59,5,3
13457.0,148.22,2,325
13458.0,2312.7,2,16
13459.0,1160.41,2,261
13461.0,2715.0,3,44
13462.0,1002.35,4,47
13464.0,2422.96,5,31
13465.0,931.12,2,83
13466.0,705.4499999999999,4,45
13469.0,82.4,1,290
13472.0,592.24,2,100
13473.0,2235.12,6,211
13474.0,434.2,2,80
13476.0,823.0,3,43
13477.0,1379.59,5,92
13478.0,2215.78,5,106
13479.0,550.42,2,89
13480.0,627.8199999999999,2,53
13481.0,2026.28,6,11
13482.0,151.45,1,264
13484.0,476.92,2,20
13485.0,2564.98,10,13
13487.0,271.47,2,142
13490.0,154.25,1,291
13495.0,3329.39,6,5
13497.0,972.28,5,5
13498.0,327.38,1,367
13500.0,299.53,1,38
13501.0,1544.79,2,123
13502.0,488.5,2,52
13503.0,1607.34,4,116
13506.0,1180.68,4,6
13508.0,176.07999999999998,1,279
13509.0,135.0,1,144
13510.0,2766.73,7,12
13511.0,282.76,1,313
13512.0,462.18,3,24
13513.0,619.49,2,78
13514.0,663.7,3,65
13515.0,374.7,2,86
13516.0,295.85,1,54
13519.0,220.46,1,79
13520.0,3285.05,6,8
13523.0,1136.64,2,3
13526.0,1182.0,2,375
13527.0,2396.23,5,55
13530.0,402.98,1,271
13531.0,1254.72,5,3
13534.0,1850.82,10,16
13535.0,89.5,1,39
13537.0,717.85,2,62
13538.0,1831.88,5,33
13539.0,938.02,4,57
13540.0,632.39,3,104
13541.0,785.25,2,64
13543.0,1439.61,2,271
13544.0,537.59,4,48
13545.0,374.64,2,27
13546.0,465.15,2,19
13547.0,172.98,1,45
13548.0,226.57999999999998,1,108
13549.0,87.6,1,24
13550.0,349.51,1,20
13551.0,152.4,1,303
13552.0,3238.85,10,65
13553.0,517.8,1,311
13554.0,1638.28,7,17
13556.0,200.82,2,66
13557.0,2448.2,11,52
13559.0,990.0,2,149
13561.0,1678.86,10,34
13562.0,3038.85,5,38
13565.0,174.57999999999998,1,48
13566.0,829.56,3,71
13567.0,1083.69,4,65
13569.0,520.03,3,4
13573.0,620.62,4,16
13574.0,421.25,1,48
13577.0,1801.68,7,19
13578.0,147.66,1,46
13579.0,1072.0,4,6
13580.0,107.75,1,43
13581.0,162.53,1,51
13582.0,241.68,2,26
13583.0,664.0,1,316
13584.0,250.05,2,135
13585.0,684.54,3,167
13586.0,131.53,1,178
13587.0,961.1,3,86
13589.0,741.09,4,86
13591.0,976.81,4,72
13593.0,3486.61,9,24
13594.0,136.35,1,122
13595.0,818.22,3,153
13597.0,396.71,2,37
13598.0,609.42,4,132
13600.0,298.9,1,271
13601.0,491.82,2,29
13602.0,596.28,3,18
13604.0,717.62,1,295
13605.0,522.67,2,24
13607.0,400.3,1,39
13608.0,236.2,1,177
13609.0,167.35,1,230
13610.0,1042.75,7,24
13611.0,2147.73,7,11
13612.0,818.29,1,269
13613.0,1039.85,5,89
13614.0,748.73,2,30
13616.0,288.1,2,205
13617.0,734.5699999999999,5,45
13619.0,230.19,2,181
13620.0,112.34,1,165
13622.0,658.95,1,333
13623.0,1818.71,5,17
13624.0,462.08,1,25
13625.0,301.26,1,233
13626.0,449.81,1,16
13627.0,607.43,2,125
13628.0,310.14,1,313
13632.0,1526.8799999999999,3,31
13634.0,3452.62,10,13
13635.0,1928.13,3,79
13639.0,312.93,1,73
13640.0,405.0,1,248
13641.0,942.37,4,277
13642.0,159.92,3,69
13643.0,1637.33,7,19
13646.0,326.25,2,36
13647.0,1393.56,4,131
13648.0,1764.02,8,37
13649.0,1332.28,5,3
13650.0,1451.6599999999999,4,11
13651.0,132.65,1,18
13652.0,1475.77,3,5
13653.0,152.2,1,124
13654.0,3600.67,5,17
13655.0,1347.54,4,11
13656.0,699.2,2,136
13658.0,3386.33,4,20
13659.0,3321.68,10,53
13660.0,314.59,1,37
13661.0,325.24,1,240
13662.0,1352.35,8,22
13663.0,1858.04,4,17
13665.0,1711.66,3,23
13666.0,42.4,2,57
13669.0,195.0,1,44
13671.0,194.95,1,31
13672.0,233.53,1,367
13674.0,240.68,1,69
13676.0,243.9,2,176
13677.0,556.19,2,41
13679.0,281.26,3,130
13683.0,258.6,1,94
13684.0,529.75,3,27
13686.0,337.04,2,17
13688.0,375.5,1,272
13689.0,349.5,1,81
13691.0,210.78,1,33
13692.0,1626.08,2,45
13693.0,2011.82,9,11
13695.0,266.6,1,214
13696.0,2020.4,3,58
13698.0,465.53000000000003,2,233
13699.0,455.57,1,187
13700.0,348.34,3,54
13701.0,161.0,1,83
13702.0,135.18,1,82
13703.0,326.06,1,52
13705.0,1323.47,5,10
13706.0,300.38,1,263
13707.0,2559.45,3,66
13709.0,1263.7,5,83
13710.0,329.04,2,60
13711.0,1540.2,7,43
13712.0,537.58,1,247
13713.0,743.26,3,45
13714.0,161.35,1,102
13717.0,318.29,2,94
13719.0,1772.59,6,30
13721.0,217.39999999999998,1,32
13722.0,3260.0,7,57
13723.0,1009.35,5,29
13724.0,213.01,1,274
13727.0,746.57,6,248
13728.0,1839.03,10,24
13729.0,724.73,3,72
13733.0,487.03,2,47
13736.0,2034.31,5,62
13738.0,440.93,1,33
13739.0,75.3,1,164
13740.0,1247.02,4,52
13745.0,477.32,1,183
13746.0,176.69,1,50
13747.0,169.8,2,10
13748.0,1320.1,5,10
13750.0,1954.92,6,17
13752.0,404.45,1,164
13753.0,1353.31,3,235
13754.0,164.45,1,74
13757.0,195.55,1,311
13760.0,1076.85,3,41
13761.0,881.52,4,139
13762.0,2165.7599999999998,4,230
13763.0,3502.48,2,54
13764.0,1423.55,3,206
13765.0,352.82,1,290
13766.0,190.35,1,132
13768.0,875.97,2,363
13769.0,3003.91,11,4
13770.0,785.37,4,59
13771.0,3094.37,5,170
13772.0,1982.09,5,37
13773.0,301.54,2,33
13775.0,1049.66,1,227
13778.0,945.79,3,128
13779.0,161.13,1,152
13780.0,375.81,1,44
13781.0,650.99,2,229
13782.0,881.72,7,90
13783.0,1542.09,4,124
13784.0,447.44,3,71
13785.0,542.49,4,65
13786.0,3128.54,6,4
13787.0,913.46,4,95
13788.0,3.75,1,142
13789.0,239.46,1,25
13792.0,188.4,1,59
13793.0,96.0,1,283
13794.0,126.03,1,183
13795.0,836.3,4,25
13796.0,289.7,1,136
13797.0,1179.45,3,73
13799.0,2114.71,7,81
13800.0,1121.24,2,67
13803.0,1061.84,2,68
13804.0,572.73,2,72
13807.0,422.2,3,4
13809.0,524.65,2,31
13813.0,1398.61,4,164
13814.0,678.2,1,164
13815.0,3448.38,4,43
13818.0,61.28,1,66
13819.0,1502.0,3,306
13820.0,660.65,3,55
13821.0,1025.09,4,30
13823.0,2445.79,5,17
13824.0,1615.82,7,16
13825.0,255.59,2,258
13829.0,102.0,1,58
13830.0,156.85,1,218
13832.0,561.49,1,59
13833.0,316.56,1,41
13834.0,324.19,2,213
13835.0,260.7,3,156
13836.0,620.37,2,36
13838.0,1274.36,7,6
13839.0,139.95000000000002,1,123
13840.0,651.4,1,53
13842.0,2244.29,10,3
13843.0,319.75,1,18
13846.0,442.73,1,36
13847.0,310.72,1,356
13848.0,2080.0,6,3
13849.0,1931.35,3,34
13851.0,1955.0,5,16
13852.0,187.35,1,247
13855.0,1310.34,4,137
13856.0,753.53,8,100
13857.0,1000.91,6,30
13859.0,314.7,1,166
13861.0,273.26,2,66
13862.0,346.72999999999996,1,26
13863.0,933.77,3,102
13864.0,662.4,1,23
13870.0,2941.14,7,24
13871.0,1482.6,4,65
13872.0,919.57,3,164
13873.0,649.32,5,20
13874.0,1508.7,6,141
13875.0,3027.58,9,24
13877.0,332.44,2,107
13878.0,1191.53,3,184
13879.0,395.5,1,282
13880.0,1171.8899999999999,5,4
13884.0,1100.8799999999999,5,13
13888.0,1563.42,5,41
13889.0,1574.33,5,19
13890.0,1043.57,4,11
13891.0,863.56,3,15
13892.0,634.68,2,114
13895.0,1415.45,2,152
13896.0,388.55,1,262
13897.0,849.56,2,75
13898.0,530.47,1,48
13900.0,869.64,3,26
13901.0,2809.14,10,11
13903.0,165.45000000000002,1,37
13905.0,312.65,1,369
13906.0,42.0,1,46
13907.0,136.79999999999998,1,328
13909.0,286.6,2,60
13911.0,1654.08,11,16
13912.0,124.95,1,60
13913.0,42.22,1,143
13915.0,70.8,1,31
13916.0,1275.81,4,100
13919.0,975.87,2,61
13920.0,1774.68,4,68
13921.0,730.7,4,39
13922.0,692.95,2,74
13927.0,359.27,1,74
13929.0,2651.45,9,53
13936.0,563.08,2,19
13937.0,721.28,1,39
13939.0,992.41,4,68
13942.0,320.0,1,171
13943.0,246.54,1,214
13944.0,200.43,1,290
13945.0,854.15,2,31
13946.0,1314.66,3,13
13948.0,446.76,3,48
13953.0,3125.0,5,46
13955.0,222.21,1,12
13957.0,458.25,3,54
13959.0,477.98,3,36
13961.0,538.4,1,29
13962.0,193.25,1,72
13964.0,438.9,2,24
13965.0,996.61,3,113
13966.0,390.85999999999996,1,72
13967.0,85.6,1,33
13968.0,123.66,1,60
13970.0,846.55,2,23
13971.0,1909.31,6,60
13974.0,264.13,1,219
13975.0,2832.56,6,30
13976.0,834.38,3,143
13977.0,519.81,1,48
13979.0,2540.06,6,30
13980.0,599.78,4,76
13981.0,331.14,1,52
13982.0,2573.7799999999997,6,2
13984.0,1128.09,8,3
13985.0,2960.73,7,11
13987.0,682.54,2,16
13988.0,609.84,2,20
13989.0,759.98,3,101
13992.0,142.7,2,17
13993.0,3309.35,10,16
13995.0,2508.32,9,16
13996.0,845.76,2,23
13997.0,382.31,3,156
13998.0,566.7,3,83
14000.0,1410.68,4,51
14001.0,2487.01,7,10
14003.0,209.41,1,369
14004.0,1675.81,4,30
14006.0,1234.48,4,165
14007.0,79.48,1,149
14008.0,509.04,1,69
14009.0,404.3,1,99
14010.0,445.15,2,202
14011.0,457.82,2,117
14013.0,611.55,2,17
14014.0,1443.03,2,13
14017.0,229.75,1,208
14018.0,367.15,1,282
14020.0,606.21,2,113
14021.0,1084.68,4,11
14022.0,352.15,1,123
14024.0,318.04,1,27
14026.0,713.11,2,107
14032.0,1874.68,6,3
14033.0,109.44,1,192
14035.0,1428.7,4,43
14037.0,689.75,4,115
14038.0,1509.5,2,34
14039.0,115.08,1,212
14042.0,431.98,1,362
14043.0,304.25,2,128
14044.0,2466.53,6,55
14047.0,2946.42,10,9
14048.0,338.76,2,19
14052.0,255.45,1,27
14053.0,312.05,2,34
14055.0,795.3199999999999,2,214
14057.0,2190.88,5,18
14058.0,469.19,2,99
14061.0,917.4300000000001,3,144
14064.0,1978.68,10,67
14065.0,891.02,3,26
14068.0,1262.52,3,240
14069.0,230.06,2,151
14070.0,326.55,1,321
14072.0,390.85,1,303
14074.0,219.4,1,260
14075.0,782.61,2,40
14077.0,115.66,1,32
14078.0,641.61,4,10
14080.0,1070.08,4,50
14082.0,231.11,1,29
14083.0,388.83,3,8
14084.0,150.5,1,149
14086.0,39.95,1,99
14087.0,651.8,2,41
14092.0,3152.54,10,11
14094.0,335.21999999999997,1,76
14095.0,2.95,1,359
14097.0,422.86,2,118
14099.0,2661.54,9,12
14104.0,552.37,3,26
14106.0,214.8,1,374
14107.0,2174.07,4,85
14108.0,447.05,2,368
14112.0,2919.44,6,88
14114.0,977.56,5,32
14115.0,622.67,2,138
14118.0,458.45,1,65
14119.0,183.37,2,12
14122.0,362.42,3,43
14123.0,436.18,1,370
14126.0,466.33,1,81
14127.0,1190.37,3,17
14128.0,286.71,1,188
14129.0,1467.48,4,36
14130.0,1398.81,3,12
14131.0,187.87,1,285
14133.0,305.5,1,370
14136.0,1570.81,5,37
14137.0,332.7,1,332
14139.0,670.98,3,127
14142.0,671.34,2,10
14144.0,30.6,1,123
14147.0,2106.8,7,25
14148.0,309.09,1,51
14151.0,679.45,2,310
14152.0,1376.05,5,24
14153.0,233.39999999999998,1,120
14157.0,569.9,3,26
14159.0,3236.15,9,16
14161.0,2208.36,5,6
14163.0,148.71,1,99
14166.0,256.85,2,142
14167.0,721.65,4,101
14168.0,370.45,2,57
14169.0,616.03,2,67
14170.0,597.33,3,12
14171.0,135.0,1,367
14172.0,402.71999999999997,3,242
14173.0,135.16,2,278
14176.0,339.11,2,4
14177.0,1669.93,9,18
14180.0,1570.73,9,9
14181.0,310.55,2,47
14182.0,678.77,4,80
14183.0,286.29,2,48
14186.0,1550.6299999999999,5,64
14187.0,123.5,1,110
14189.0,1160.31,2,5
14190.0,79.9,1,303
14191.0,132.9,2,31
14192.0,293.74,1,25
14193.0,356.8,1,33
14195.0,1603.6,4,76
14197.0,390.05,1,47
14198.0,868.33,5,37
14199.0,906.3,3,60
14200.0,379.2,1,254
14201.0,446.1,3,46
14202.0,847.76,3,18
14203.0,339.34,1,34
14204.0,901.9300000000001,3,59
14205.0,1947.5,7,31
14206.0,856.85,2,25
14207.0,157.8,1,324
14208.0,415.31,1,188
14209.0,2919.84,9,22
14211.0,2161.19,9,48
14212.0,1119.66,1,82
14213.0,1192.2,1,41
14215.0,1626.61,4,5
14216.0,310.74,1,51
14217.0,1411.91,7,3
14219.0,543.89,2,46
14220.0,882.6,2,204
14221.0,3084.69,8,86
14224.0,847.78,5,27
14225.0,2037.02,4,71
14226.0,770.34,1,78
14227.0,3015.2,5,51
14228.0,745.5,3,74
14229.0,1046.84,4,40
14230.0,979.8,3,72
14231.0,309.90999999999997,1,87
14233.0,1441.55,3,102
14235.0,1573.13,4,135
14236.0,1253.78,4,9
14237.0,471.14,2,10
14238.0,287.38,2,299
14239.0,1882.32,10,68
14240.0,357.15,1,60
14241.0,120.0,1,333
14244.0,366.41999999999996,1,297
14247.0,635.89,4,41
14248.0,730.37,2,96
14252.0,350.99,1,18
14253.0,363.40000000000003,2,130
14254.0,601.03,1,69
14256.0,1504.93,3,128
14257.0,2854.73,4,17
14260.0,824.28,3,108
14263.0,322.93,1,60
14264.0,1183.39,4,16
14265.0,843.17,2,101
14266.0,40.56,1,65
14268.0,354.85,1,107
14269.0,295.73,1,76
14271.0,106.81,1,46
14272.0,482.85,2,199
14274.0,256.6,1,323
14275.0,1189.3799999999999,6,32
14276.0,982.9399999999999,4,44
14278.0,205.82999999999998,1,46
14279.0,191.86,2,157
14281.0,245.14999999999998,1,45
14283.0,628.44,4,100
14284.0,704.4,1,290
14285.0,1374.41,4,150
14290.0,2201.91,3,50
14293.0,2221.37,6,5
14294.0,375.34,1,44
14295.0,2186.71,3,75
14296.0,456.4,2,58
14301.0,1352.04,3,53
14302.0,742.9,3,67
14303.0,277.94,2,44
14304.0,1341.56,2,16
14306.0,1058.08,4,15
14307.0,2075.31,5,10
14309.0,1428.28,2,50
14310.0,492.1,1,69
14311.0,206.19,1,204
14312.0,1478.7,5,15
14314.0,109.8,1,67
14315.0,716.6899999999999,2,201
14316.0,1370.34,5,59
14318.0,158.02,1,97
14319.0,494.84999999999997,1,61
14320.0,868.96,3,183
14321.0,687.31,2,68
14322.0,474.1,4,66
14324.0,701.61,2,46
14325.0,245.48,1,206
14326.0,757.13,2,100
14327.0,1583.28,5,19
14330.0,200.63,1,260
14332.0,1077.2,2,18
14334.0,1766.27,4,62
14338.0,339.88,1,173
14339.0,310.75,1,65
14341.0,2285.04,10,57
14342.0,249.88,2,69
14343.0,1088.91,4,58
14346.0,1294.17,3,62
14347.0,82.6,1,373
14350.0,689.1,2,17
14353.0,285.9,2,47
14355.0,840.05,3,2
14358.0,400.06,2,26
14361.0,214.71,1,215
14363.0,227.47,2,39
14365.0,634.68,2,31
14366.0,136.0,1,162
14369.0,469.13,2,279
14370.0,1175.78,6,87
14372.0,860.0799999999999,2,80
14374.0,108.0,1,178
14375.0,875.31,2,87
14376.0,215.46,1,320
14378.0,131.25,1,258
14379.0,920.8100000000001,2,30
14381.0,428.65999999999997,1,88
14382.0,620.73,1,27
14384.0,58.5,1,137
14388.0,3488.16,9,9
14389.0,854.55,3,61
14390.0,1747.01,5,9
14391.0,135.6,1,213
14392.0,266.4,1,69
14394.0,93.8,1,201
14396.0,1633.94,6,8
14398.0,707.79,2,38
14399.0,2113.16,8,31
14400.0,1157.77,2,45
14401.0,2744.42,9,61
14402.0,285.6,1,289
14403.0,404.7,2,226
14404.0,1424.79,8,6
14405.0,195.0,1,23
14408.0,1503.24,4,108
14409.0,1696.6399999999999,5,5
14410.0,1546.07,2,13
14412.0,656.16,1,61
14413.0,304.87,2,47
14414.0,902.35,1,11
14417.0,604.2,1,24
14419.0,202.85,1,19
14420.0,1251.6499999999999,3,33
14421.0,1656.26,4,149
14423.0,651.41,2,74
14425.0,661.39,3,71
14427.0,900.1800000000001,2,131
14429.0,516.28,1,40
14430.0,1220.9,3,148
14431.0,2143.84,3,16
14433.0,289.6,1,102
14435.0,90.42,1,138
14436.0,182.64,1,190
14437.0,895.84,5,2
14441.0,2898.8,7,11
14442.0,3777.2,5,51
14443.0,966.27,2,5
14444.0,132.04,1,93
14445.0,221.65,1,92
14446.0,201.73,1,23
14447.0,548.5,1,37
14449.0,1575.7,5,9
14450.0,645.19,4,16
14451.0,2646.18,10,26
14452.0,401.15,2,32
14454.0,977.3,5,13
14455.0,628.21,4,69
14458.0,228.62,1,17
14459.0,3537.82,1,288
14460.0,659.16,6,33
14462.0,265.99,1,69
14463.0,256.95,1,136
14464.0,111.0,2,205
14465.0,2887.41,8,65
14466.0,2374.5,7,9
14467.0,1622.23,8,26
14468.0,204.24,1,370
14469.0,2112.21,4,53
14470.0,250.85,1,67
14471.0,400.95,2,228
14472.0,291.38,1,326
14474.0,730.42,1,216
14475.0,225.3,1,45
14477.0,660.0,3,73
14478.0,1276.66,4,19
14479.0,982.86,3,2
14480.0,1020.47,3,39
14481.0,1674.98,3,44
14482.0,2289.7599999999998,6,16
14483.0,120.0,1,373
14484.0,749.06,3,38
14486.0,175.5,2,148
14487.0,257.28,2,5
14489.0,1111.55,3,74
14490.0,1273.47,2,43
14491.0,127.2,1,9
14492.0,1921.91,7,67
14493.0,2746.91,5,27
14494.0,261.9,2,38
14495.0,51.0,1,296
14496.0,2129.42,6,10
14497.0,221.69,1,310
14498.0,1953.95,5,38
14499.0,1323.65,4,11
14506.0,1278.5,3,6
14507.0,1901.25,5,15
14508.0,598.52,3,13
14509.0,110.95,1,171
14510.0,1007.28,3,12
14512.0,948.19,5,20
14513.0,332.42,3,73
14514.0,3543.63,6,73
14515.0,1647.17,6,24
14516.0,163.92,1,153
14519.0,206.09,2,320
14521.0,199.45000000000002,1,128
14522.0,784.08,4,232
14524.0,1066.03,4,46
14526.0,262.4,1,26
14530.0,3271.49,10,33
14531.0,376.34,1,116
14532.0,2926.33,7,48
14533.0,1516.65,4,44
14534.0,1821.11,8,34
14535.0,3155.2,6,32
14537.0,285.84,1,260
14538.0,982.59,3,167
14540.0,2799.08,8,16
14541.0,1038.03,6,53
14544.0,957.98,1,107
14545.0,349.25,1,311
14546.0,2619.81,6,13
14548.0,1974.69,7,121
14549.0,627.31,3,57
14550.0,587.69,2,25
14551.0,693.8100000000001,5,48
14552.0,346.21,2,17
14553.0,982.27,4,48
14555.0,1991.49,4,18
14556.0,835.34,3,233
14558.0,655.5,3,291
14559.0,75.6,1,27
14562.0,1654.63,8,27
14563.0,664.32,2,146
14564.0,2605.62,2,71
14565.0,760.1,1,110
14566.0,2660.0,3,54
14568.0,919.6999999999999,1,72
14569.0,371.59000000000003,3,89
14570.0,295.19,1,80
14571.0,161.65,1,62
14572.0,2776.44,4,54
14573.0,968.0,5,9
14574.0,143.7,1,369
14575.0,460.71,1,125
14576.0,35.4,1,9
14577.0,514.54,3,31
14579.0,105.56,1,69
14580.0,14.85,1,155
14581.0,295.2,1,181
14583.0,728.48,3,20
14584.0,705.65,4,58
14585.0,986.22,4,19
14588.0,135.39,1,215
14589.0,39.75,1,8
14593.0,3086.52,9,34
14594.0,255.0,1,10
14595.0,423.84999999999997,2,90
14596.0,229.47,1,263
14597.0,1318.39,4,16
14598.0,162.07,1,206
14599.0,474.54,2,27
14600.0,471.84,1,30
14602.0,205.36,1,293
14604.0,136.35999999999999,1,270
14605.0,936.31,4,11
14608.0,1557.79,6,16
14609.0,884.64,6,27
14610.0,24.35,2,32
14611.0,604.33,2,80
14612.0,877.7,1,52
14613.0,76.32,1,317
14614.0,295.13,1,23
14615.0,951.76,5,31
14616.0,121.7,2,22
14617.0,190.47,2,39
14618.0,788.88,4,13
14619.0,896.8,1,178
14621.0,1212.21,4,148
14623.0,1170.33,5,17
14624.0,588.22,4,52
14625.0,3598.25,9,11
14626.0,2619.65,7,32
14627.0,462.75,1,16
14628.0,1326.04,3,79
14630.0,338.65,1,121
14631.0,1018.71,3,23
14634.0,2124.46,4,74
14635.0,215.22,1,90
14637.0,106.67999999999999,1,314
14639.0,1994.47,3,45
14640.0,1541.98,4,46
14643.0,986.0799999999999,3,254
14644.0,1416.96,5,51
14645.0,279.8,1,271
14647.0,276.75,1,160
14649.0,2358.02,5,19
14650.0,62.5,1,225
14651.0,1379.52,7,31
14653.0,1488.68,4,150
14654.0,246.86,1,375
14655.0,1946.28,3,25
14656.0,523.6,3,52
14657.0,612.65,2,66
14662.0,645.16,3,64
14663.0,490.6,2,67
14665.0,913.9499999999999,2,64
14668.0,111.63,1,82
14669.0,1973.94,4,270
14670.0,190.47,1,369
14671.0,1127.45,2,186
14672.0,347.59,2,152
14673.0,1674.41,3,4
14674.0,173.66,1,146
14675.0,462.15,1,25
14677.0,184.91,1,229
14678.0,403.39,1,216
14679.0,1289.44,3,18
14681.0,376.2,3,24
14682.0,1462.81,4,65
14683.0,146.56,1,225
14684.0,232.27,1,27
14686.0,885.83,5,51
14687.0,773.6800000000001,2,37
14688.0,2082.7,8,10
14690.0,422.63,2,29
14692.0,1153.54,8,17
14693.0,992.46,6,62
14694.0,244.31,1,254
14695.0,1620.07,3,156
14696.0,688.95,2,10
14699.0,593.47,3,72
14700.0,880.96,2,52
14701.0,2012.72,6,79
14704.0,266.66,2,61
14706.0,390.69,1,255
14707.0,139.2,2,72
14708.0,1085.91,3,5
14710.0,1316.46,9,16
14712.0,411.0,1,55
14713.0,2752.11,11,2
14714.0,746.05,3,44
14715.0,957.17,4,79
14716.0,235.77,1,81
14717.0,81.3,1,370
14718.0,226.42,1,47
14721.0,115.77,1,16
14722.0,325.45,2,114
14723.0,933.06,7,8
14724.0,345.25,1,227
14725.0,591.28,3,31
14726.0,124.75,1,291
14727.0,196.65,2,183
14728.0,190.57999999999998,1,50
14729.0,593.89,3,10
14732.0,2814.58,11,29
14734.0,1056.42,4,62
14736.0,401.08,2,122
14737.0,2389.62,1,37
14738.0,507.45,2,197
14740.0,2712.85,8,46
14741.0,497.25,2,9
14742.0,579.85,1,72
14743.0,50.480000000000004,1,229
14744.0,2785.1,8,3
14745.0,1351.55,7,138
14746.0,593.5,4,43
14748.0,1736.57,7,5
14749.0,310.15,1,116
14750.0,112.03,1,373
14751.0,126.44999999999999,2,321
14753.0,306.36,1,97
14754.0,912.43,4,62
14756.0,1864.8,2,19
14758.0,1380.91,3,33
14761.0,192.02,1,81
14762.0,117.05,1,263
14767.0,382.81,1,111
14770.0,2761.22,6,104
14771.0,594.62,2,258
14773.0,140.55,1,229
14774.0,241.45,1,165
14775.0,406.56,1,9
14776.0,1170.0,4,24
14777.0,307.56,1,40
14783.0,307.3,1,296
14784.0,159.94,1,26
14786.0,90.96,1,187
14787.0,110.64999999999999,1,108
14788.0,476.88,1,233
14790.0,1781.56,6,11
14791.0,303.63,1,243
14793.0,396.91,1,172
14794.0,633.99,3,39
14796.0,2867.15,11,3
14797.0,300.31,1,144
14798.0,550.5699999999999,5,18
14799.0,180.45,1,374
14800.0,3423.33,6,6
14805.0,549.99,3,41
14806.0,110.04,1,76
14807.0,519.29,2,27
14809.0,686.76,2,258
14810.0,449.14,3,6
14811.0,170.5,1,24
14812.0,185.8,1,235
14813.0,935.4399999999999,4,6
14814.0,159.21,1,218
14817.0,2599.52,5,32
14818.0,512.61,3,95
14819.0,198.09,2,131
14820.0,767.47,5,17
14821.0,1237.65,7,3
14822.0,157.7,1,122
14824.0,2895.2,6,16
14826.0,385.2,2,218
14829.0,995.29,4,9
14831.0,1676.57,3,317
14833.0,94.8,1,135
14834.0,485.86,1,44
14835.0,297.0,2,165
14837.0,1810.82,5,79
14838.0,773.6700000000001,2,60
14839.0,915.28,3,55
14840.0,299.86,1,176
14843.0,211.8,1,73
14844.0,3512.62,6,67
14845.0,150.0,1,236
14846.0,437.40000000000003,1,64
14847.0,1039.55,2,44
14848.0,310.56,1,41
14850.0,1468.26,6,54
14851.0,318.06,1,267
14853.0,901.0699999999999,3,60
14854.0,1563.03,4,27
14857.0,2478.73,5,79
14858.0,180.75,1,142
14859.0,351.9,1,191
14861.0,1254.94,9,17
14865.0,77.52,3,9
14868.0,1230.42,4,17
14869.0,2078.54,4,25
14870.0,1511.7,5,50
14871.0,736.59,5,130
14872.0,816.6,3,120
14873.0,334.45,1,270
14874.0,116.18,1,172
14875.0,1397.08,1,78
14876.0,256.7,2,158
14877.0,437.0,2,55
14879.0,185.06,1,321
14884.0,120.6,1,306
14885.0,832.8,2,64
14890.0,691.6,2,255
14891.0,552.35,2,53
14892.0,202.35,1,327
14893.0,571.76,1,254
14894.0,837.0600000000001,2,80
14896.0,1623.65,7,2
14897.0,1774.16,4,46
14898.0,2204.29,9,8
14899.0,1384.88,1,32
14900.0,13.92,1,159
14901.0,868.36,5,3
14902.0,702.96,2,32
14904.0,615.2,2,45
14905.0,1355.24,6,11
14907.0,2664.69,10,4
14908.0,104.1,1,100
14909.0,1404.68,3,74
14912.0,981.73,3,38
14913.0,2845.7,4,25
14915.0,1503.77,9,12
14916.0,1773.97,4,68
14917.0,1123.75,2,233
14919.0,359.35,1,176
14920.0,629.4,1,202
14922.0,843.74,2,30
14924.0,620.96,2,247
14926.0,359.4,2,18
14927.0,308.2,1,33
14928.0,223.91,1,264
14929.0,612.81,1,58
14930.0,2873.77,3,107
14932.0,566.13,2,2
14933.0,1770.0,4,80
14934.0,1512.56,3,15
14935.0,1065.1200000000001,1,256
14938.0,2322.43,2,199
14940.0,531.49,2,54
14941.0,182.1,1,215
14942.0,746.56,4,38
14943.0,107.62,1,300
14944.0,3784.42,7,26
14945.0,179.39999999999998,1,50
14947.0,758.97,4,25
14949.0,515.0,4,106
14953.0,721.45,3,55
14954.0,167.27,1,340
14955.0,163.77,1,369
14956.0,1325.0,1,58
14957.0,274.79999999999995,1,281
14958.0,458.26,3,232
14962.0,240.21,3,176
14963.0,1676.68,7,16
14966.0,924.52,5,24
14967.0,1518.81,5,78
14968.0,353.65,1,95
14969.0,906.23,1,340
14970.0,3327.29,8,46
14972.0,30.299999999999997,1,18
14975.0,192.45,1,58
14977.0,31.93,1,362
14978.0,1210.72,5,67
14979.0,439.46000000000004,1,372
14980.0,150.68,1,374
14981.0,270.8,1,60
14982.0,234.88,1,209
14983.0,183.2,1,326
14984.0,1058.1399999999999,4,25
14986.0,566.9,2,13
14987.0,1387.4499999999998,7,2
14988.0,1732.06,6,17
14989.0,342.4,1,298
14990.0,305.42,2,249
14991.0,314.67,1,67
14992.0,210.5,1,79
14993.0,36.13,1,200
14994.0,956.68,5,19
14996.0,442.29,2,118
14997.0,230.4,1,292
14998.0,340.86,2,65
14999.0,129.48,1,229
15001.0,228.85999999999999,2,31
15002.0,3175.52,6,4
15003.0,1060.7,6,110
15006.0,323.05,1,90
15008.0,360.0,2,117
15011.0,416.6,2,32
15012.0,437.58,2,10
15013.0,1641.3,10,124
15016.0,460.26,4,30
15018.0,111.25,1,4
15020.0,203.42,1,16
15021.0,869.01,4,3
15022.0,281.05,1,314
15024.0,2414.18,8,4
15025.0,628.13,1,205
15026.0,592.61,2,12
15027.0,2129.45,6,32
15028.0,530.58,3,5
15029.0,365.1,1,256
15030.0,1461.63,6,17
15031.0,2488.44,10,31
15037.0,402.51,2,13
15038.0,604.37,4,6
15040.0,7.49,1,178
15041.0,113.25,1,81
15042.0,179.51999999999998,1,232
15043.0,2321.8,5,100
15046.0,2598.62,10,62
15048.0,98.7,1,5
15050.0,2411.7,2,58
15051.0,2543.55,6,16
15055.0,560.07,3,111
15056.0,133.45,1,157
15057.0,1766.46,3,80
15058.0,1285.04,5,13
15059.0,2185.05,10,13
15062.0,1597.76,4,60
15064.0,1154.41,4,47
15065.0,168.73,1,47
15067.0,2133.12,2,50
15068.0,623.49,2,55
15070.0,737.05,3,9
15071.0,473.49,2,23
15072.0,187.51999999999998,1,116
15073.0,1744.61,5,37
15074.0,817.46,2,66
15076.0,566.89,2,129
15077.0,2428.08,2,131
15079.0,2871.74,8,2
15080.0,546.25,2,64
15081.0,1460.92,8,4
15082.0,93.35,1,305
15084.0,965.1999999999999,2,16
15085.0,347.54,1,366
15086.0,218.53,2,201
15091.0,565.9,2,311
15092.0,318.65,1,99
15094.0,83.0,2,100
15095.0,1771.04,6,57
15097.0,660.27,2,220
15100.0,2018.6999999999998,6,3
15101.0,1160.41,4,152
15102.0,554.67,2,167
15105.0,795.98,2,67
15107.0,620.85,4,9
15109.0,498.15,2,216
15110.0,509.75,2,40
15111.0,1163.39,3,9
15112.0,209.4,1,248
15114.0,639.56,2,20
15115.0,191.74,1,369
15117.0,934.19,3,85
15122.0,2863.69,8,59
15123.0,2456.86,3,58
15124.0,266.63,2,113
15126.0,449.49,2,173
15127.0,304.97,1,156
15128.0,312.68,1,67
15131.0,80.28,1,31
15133.0,824.48,2,19
15134.0,208.29999999999998,2,18
15135.0,166.63,1,193
15137.0,823.4,2,157
15138.0,502.52,1,30
15140.0,889.44,1,79
15141.0,1388.47,7,94
15142.0,2121.18,5,47
15143.0,304.18,1,69
15149.0,1003.81,3,214
15150.0,3686.61,3,93
15151.0,2085.61,2,60
15152.0,518.14,1,338
15154.0,1091.99,2,115
15155.0,383.96999999999997,1,20
15157.0,718.04,2,206
15158.0,204.62,1,38
15159.0,3475.72,4,32
15160.0,431.11,3,11
15161.0,119.92,1,25
15162.0,312.9,1,368
15164.0,1225.87,6,26
15165.0,487.75,1,10
15166.0,167.16,1,104
15167.0,1496.67,4,44
15169.0,569.22,2,19
15170.0,81.15,1,43
15173.0,1494.6,7,17
15174.0,345.71,1,47
15176.0,988.04,1,304
15177.0,948.93,1,62
15180.0,816.93,3,4
15181.0,510.72,2,57
15182.0,2376.1,9,22
15183.0,639.93,3,184
15184.0,283.19,2,24
15186.0,991.79,3,111
15188.0,310.43,1,362
15189.0,1298.99,5,18
15190.0,834.4399999999999,1,71
15191.0,588.05,3,100
15192.0,937.0699999999999,3,2
15196.0,316.25,2,69
15197.0,797.9,3,31
15198.0,377.71,3,45
15199.0,1853.7,6,11
15200.0,549.05,1,131
15201.0,606.41,2,76
15203.0,2572.38,9,27
15207.0,683.92,3,53
15208.0,100.4,1,60
15209.0,178.98,1,367
15210.0,845.01,2,15
15211.0,383.07,1,2
15212.0,106.47999999999999,1,13
15215.0,1687.49,4,30
15216.0,389.49,1,255
15217.0,426.24,1,200
15219.0,379.7,1,285
15221.0,2062.2,4,3
15222.0,2965.91,10,109
15223.0,662.2,3,246
15224.0,549.28,3,149
15227.0,1269.0900000000001,4,33
15228.0,2193.56,2,65
15229.0,160.5,1,223
15231.0,250.26,1,258
15233.0,59.4,1,38
15235.0,690.3,6,6
15240.0,2753.41,7,11
15241.0,1293.72,3,67
15242.0,302.03999999999996,1,59
15243.0,610.6,1,72
15244.0,280.51,1,303
15245.0,2095.0,5,39
15246.0,266.25,1,192
15247.0,620.06,2,114
15248.0,1893.93,3,48
15249.0,2577.54,5,67
15250.0,60.0,1,277
15252.0,1362.6299999999999,3,58
15253.0,1136.89,3,40
15254.0,787.99,2,183
15255.0,2838.5699999999997,8,33
15256.0,71.95,1,198
15257.0,368.75,1,51
15259.0,1182.3799999999999,4,149
15261.0,1253.18,3,18
15262.0,239.87,2,17
15264.0,454.66,1,167
15265.0,1839.52,2,241
15266.0,732.91,4,16
15268.0,961.9,3,115
15269.0,816.56,2,17
15271.0,2202.47,10,2
15272.0,1363.54,4,87
15273.0,228.96,1,236
15276.0,514.22,3,31
15277.0,220.44,1,62
15278.0,496.16,4,198
15279.0,1290.03,4,17
15280.0,293.09999999999997,2,125
15282.0,348.59,1,207
15283.0,148.32999999999998,3,27
15284.0,24.75,1,137
15285.0,94.92,1,44
15287.0,369.34000000000003,3,16
15288.0,1567.76,6,2
15289.0,653.31,2,95
15290.0,2553.06,8,30
15293.0,247.5,1,302
15294.0,233.35,1,47
15295.0,217.24,1,291
15299.0,3484.5299999999997,6,9
15301.0,2533.09,6,5
15302.0,308.0,1,367
15303.0,650.16,2,202
15304.0,225.15,2,5
15305.0,93.6,1,192
15306.0,2310.38,6,137
15309.0,797.96,4,247
15310.0,1634.6399999999999,1,115
15312.0,2005.34,8,20
15314.0,492.48,2,50
15317.0,129.75,1,314
15322.0,711.18,1,113
15323.0,434.6,3,199
15324.0,140.22,1,338
15325.0,1439.72,7,32
15326.0,1388.81,4,246
15328.0,107.24,1,44
15329.0,1934.6299999999999,8,11
15331.0,767.91,3,136
15336.0,240.5,1,38
15337.0,373.02,1,48
15338.0,283.43,1,314
15339.0,1253.77,5,58
15340.0,105.5,1,198
15341.0,382.2,1,86
15346.0,343.7,2,62
15347.0,1162.0,4,3
15350.0,547.6,2,10
15351.0,1778.18,4,6
15352.0,114.95,1,185
15353.0,2398.93,6,4
15356.0,698.45,4,5
15359.0,181.35,8,299
15361.0,270.15,3,163
15362.0,613.08,2,85
15363.0,678.11,2,9
15365.0,2242.81,6,40
15366.0,1786.57,5,46
15367.0,3203.74,7,55
15368.0,275.8,1,31
15370.0,1352.96,1,47
15371.0,59.4,1,299
15373.0,1005.48,6,8
15374.0,139.32,1,261
15375.0,60.96,1,327
15377.0,1211.75,4,19
15378.0,246.5,2,99
15379.0,1174.55,1,37
15380.0,1788.8,7,2
15381.0,1293.72,3,60
15384.0,1385.3799999999999,2,18
15385.0,625.2,2,29
15387.0,468.65,1,129
15389.0,2233.8,4,37
15390.0,1216.66,2,33
15391.0,289.87,1,221
15392.0,1376.09,3,11
15393.0,659.48,3,204
15394.0,3103.2599999999998,7,32
15396.0,508.2,1,220
15400.0,586.1,3,57
15401.0,216.95,2,89
15402.0,1203.77,4,24
15403.0,170.88,2,128
15404.0,257.06,1,12
15405.0,310.74,1,213
15406.0,465.16,2,90
15409.0,131.25,1,358
15410.0,1234.88,2,205
15416.0,588.5,3,115
15418.0,452.32,2,62
15420.0,743.0,6,71
15421.0,2854.98,6,22
15422.0,1522.27,5,16
15423.0,223.39000000000001,2,218
15424.0,214.44,1,100
15425.0,1944.57,4,37
15426.0,1168.0,5,6
15428.0,668.97,3,24
15430.0,954.75,2,104
15431.0,153.24,1,139
15432.0,149.57,1,178
15434.0,1525.58,6,11
15437.0,193.29,1,277
15439.0,1269.05,4,41
15441.0,1254.21,3,33
15443.0,1939.02,7,111
15445.0,171.0,1,227
15446.0,403.95,3,13
15447.0,337.71,4,164
15448.0,294.17,1,311
15451.0,233.21,2,71
15452.0,1260.38,3,27
15454.0,126.49,1,255
15455.0,38.25,1,234
15456.0,1672.05,7,40
15458.0,208.8,1,39
15459.0,202.82999999999998,2,54
15461.0,429.7,2,97
15462.0,502.45,1,82
15466.0,1236.48,3,26
15468.0,962.97,1,29
15469.0,335.7,1,75
15470.0,63.419999999999995,1,212
15471.0,847.0799999999999,2,17
15473.0,274.8,1,81
15474.0,163.1,1,232
15476.0,2209.98,4,17
15477.0,368.4,1,286
15478.0,541.06,1,212
15479.0,147.4,1,370
15480.0,2686.75,2,106
15481.0,1993.34,1,38
15482.0,3537.6,7,23
15483.0,621.25,6,22
15484.0,1061.69,2,177
15485.0,3196.51,5,10
15486.0,102.0,1,164
15487.0,231.32,1,316
15488.0,340.6,4,93
15489.0,1285.33,5,37
15490.0,217.6,1,67
15493.0,2304.69,4,26
15494.0,2480.82,3,115
15495.0,246.5,1,16
15496.0,146.14,1,268
15499.0,161.6,1,360
15501.0,402.5,2,41
15502.0,3608.54,5,5
15503.0,120.06,1,363
15504.0,359.77,3,157
15506.0,1060.77,3,18
15509.0,166.51,1,17
15512.0,210.57999999999998,2,27
15514.0,2455.31,7,16
15515.0,171.81,1,24
15518.0,2276.49,7,16
15519.0,344.61,2,20
15524.0,151.4,1,243
15525.0,469.78,2,10
15529.0,1116.72,2,3
15530.0,311.37,1,149
15532.0,2179.22,6,13
15534.0,162.25,1,362
15535.0,551.42,2,41
15536.0,259.09,1,46
15538.0,3358.4,6,174
15540.0,247.38,1,12
15542.0,918.45,3,149
15543.0,114.98,1,96
15545.0,135.33,1,8
15546.0,1079.1000000000001,2,243
15548.0,158.09,1,232
15549.0,652.7,5,58
15550.0,1643.17,8,15
15551.0,1274.02,6,31
15552.0,162.4,1,260
15558.0,214.13,1,276
15559.0,1109.4,1,205
15560.0,153.52,2,34
15561.0,1133.8,4,20
15562.0,538.83,2,61
15563.0,1466.56,3,151
15564.0,70.74000000000001,2,100
15566.0,227.87,2,29
15569.0,2210.64,5,27
15571.0,3401.2,10,23
15572.0,1515.81,3,17
15573.0,599.73,3,255
15574.0,816.45,3,9
15575.0,30.1,1,256
15577.0,139.1,2,360
15579.0,953.9,3,20
15580.0,1381.19,8,13
15583.0,107.86,1,13
15584.0,552.39,2,36
15586.0,1139.1,3,229
15587.0,608.4,3,29
15588.0,579.6,1,314
15590.0,1496.6,5,19
15591.0,217.9,3,219
15595.0,357.59999999999997,1,124
15596.0,1723.45,5,2
15597.0,238.8,1,212
15598.0,307.34,1,64
15599.0,488.32,1,82
15600.0,1199.31,4,65
15602.0,1932.6399999999999,8,5
15603.0,40.0,1,285
15605.0,738.57,5,10
15606.0,2310.83,8,27
15607.0,1604.21,8,180
15608.0,692.3,1,52
15613.0,433.71999999999997,1,247
15614.0,3147.36,4,74
15616.0,317.11,1,75
15617.0,828.55,3,33
15620.0,389.18,1,46
15623.0,2136.02,7,30
15625.0,1702.1399999999999,5,13
15626.0,391.71999999999997,1,58
15627.0,566.9,2,94
15628.0,2782.02,9,3
15629.0,2240.9,4,87
15630.0,295.05,1,281
15631.0,596.67,1,279
15634.0,311.1,1,20
15635.0,100.35,1,32
15636.0,719.82,2,74
15637.0,574.23,4,50
15638.0,2265.2,6,15
15639.0,639.76,2,88
15641.0,3458.35,8,33
15642.0,105.77999999999999,1,366
15645.0,443.16,2,51
15646.0,526.97,3,9
15647.0,169.0,1,52
15649.0,1354.35,3,4
15650.0,553.88,2,158
15651.0,612.76,2,57
15652.0,1082.6,4,24
15658.0,1399.37,4,9
15659.0,226.04,2,23
15660.0,1212.13,7,2
15661.0,906.15,6,16
15662.0,283.73,2,298
15664.0,845.1,3,86
15665.0,1773.11,3,48
15666.0,632.9399999999999,2,109
15670.0,152.15,1,193
15672.0,45.3,1,362
15673.0,3533.77,5,88
15675.0,218.35,1,41
15677.0,648.4,2,58
15678.0,1541.19,2,32
15680.0,3173.9,8,3
15681.0,1563.54,9,16
15682.0,318.24,2,236
15683.0,330.79,1,110
15684.0,173.95,3,184
15685.0,55.980000000000004,1,87
15686.0,90.0,1,57
15688.0,190.57,1,55
15689.0,266.93,1,254
15691.0,434.5,3,31
15693.0,37.5,1,296
15695.0,721.06,2,234
15696.0,1170.11,5,60
15697.0,246.75,1,326
15698.0,46.2,1,261
15702.0,112.57,1,113
15704.0,1524.34,2,139
15708.0,1014.48,3,6
15709.0,194.6,1,226
15710.0,898.87,1,54
15711.0,420.25,2,193
15712.0,2400.05,7,16
15713.0,654.09,3,3
15714.0,453.93,3,90
15715.0,658.02,5,192
15716.0,1935.48,8,6
15717.0,456.7,4,58
15718.0,293.79,1,177
15720.0,143.19,1,187
15722.0,3035.54,6,82
15723.0,744.55,3,48
15724.0,92.6,1,37
15726.0,321.91,1,27
15728.0,544.6,2,16
15729.0,107.55000000000001,2,37
15730.0,605.7,2,18
15731.0,125.3,1,190
15732.0,1387.95,9,9
15734.0,923.85,2,73
15735.0,327.68,1,58
15736.0,1815.72,2,72
15741.0,208.62,2,95
15742.0,156.87,1,256
15747.0,1588.57,6,12
15748.0,465.45,2,86
15751.0,1380.44,11,97
15752.0,1570.16,3,9
15754.0,2579.04,6,130
15755.0,3628.87,11,16
15757.0,2225.94,4,23
15759.0,577.89,4,148
15761.0,143.05,1,79
15764.0,1223.11,2,71
15765.0,370.63,1,303
15766.0,516.0,2,93
15770.0,321.45,1,249
15771.0,1006.54,3,241
15772.0,280.88,1,55
15773.0,138.84,1,46
15774.0,1057.89,5,55
15775.0,45.599999999999994,1,268
15777.0,715.5,3,33
15778.0,307.95,1,68
15779.0,124.08,2,100
15782.0,1399.3600000000001,1,67
15784.0,848.33,2,104
15785.0,3640.96,11,16
15786.0,3582.62,2,54
15788.0,221.82999999999998,1,145
15789.0,1610.71,5,68
15791.0,1995.65,3,166
15792.0,933.84,2,36
15793.0,1433.96,5,15
15794.0,777.0,2,373
15795.0,1369.86,7,67
15796.0,2464.27,9,11
15797.0,613.6800000000001,2,218
15798.0,1535.37,3,129
15799.0,540.15,1,55
15800.0,543.5,5,90
15803.0,1513.84,3,82
15807.0,913.62,2,45
15809.0,758.6700000000001,2,96
15810.0,1607.06,4,23
15811.0,1578.3,2,2
15812.0,3400.33,7,72
15814.0,689.11,2,30
15816.0,144.15,2,179
15817.0,2766.4,3,57
15818.0,340.5,1,225
15819.0,2029.34,6,68
15822.0,954.59,4,130
15824.0,890.94,2,90
15826.0,943.97,1,205
15828.0,1108.82,1,12
15833.0,80.4,1,374
15834.0,1539.24,3,13
15837.0,385.03,1,122
15841.0,1518.35,5,23
15842.0,548.8,2,30
15845.0,714.51,3,173
15846.0,107.01,1,22
15847.0,433.3,3,65
15848.0,139.94,1,258
15850.0,819.87,4,13
15851.0,109.73,1,163
15852.0,96.55,1,163
15854.0,2609.16,9,13
15855.0,340.48,1,113
15857.0,273.48,1,67
15858.0,2521.52,9,4
15859.0,438.46,1,69
15860.0,1525.5,10,5
15861.0,1228.13,4,93
15862.0,2090.26,10,10
15863.0,289.86,3,254
15864.0,244.44,1,18
15865.0,1353.79,2,50
15868.0,94.53,1,220
15869.0,174.01999999999998,1,263
15870.0,508.52000000000004,3,33
15871.0,33.099999999999994,1,74
15872.0,434.75,2,15
15873.0,313.91999999999996,4,136
15875.0,111.72,1,283
15876.0,1449.14,2,46
15878.0,330.77,2,198
15879.0,1157.3,4,41
15880.0,343.28,1,6
15882.0,977.34,6,5
15884.0,249.7,2,69
15886.0,871.78,3,53
15887.0,1027.15,3,43
15888.0,260.85,2,37
15889.0,1354.76,7,6
15890.0,535.65,5,31
15892.0,128.2,1,306
15893.0,305.28,1,118
15894.0,156.09,1,6
15899.0,56.25,1,5
15900.0,549.29,3,50
15901.0,321.49,3,88
15902.0,145.01,1,17
15903.0,3813.08,5,15
15905.0,114.69,1,180
15906.0,987.95,3,11
15908.0,764.57,2,127
15910.0,1449.6200000000001,7,37
15911.0,1685.89,8,260
15912.0,810.08,7,73
15913.0,6.3,1,171
15914.0,205.99,2,15
15915.0,429.0,1,38
15916.0,1899.08,7,3
15917.0,437.53,4,243
15918.0,248.65,1,268
15919.0,270.72,1,5
15920.0,404.14,5,61
15921.0,456.43,3,33
15922.0,369.5,1,10
15923.0,127.08,1,9
15924.0,102.82,1,368
15926.0,134.44,1,179
15927.0,123.39,1,284
15928.0,293.53,1,293
15929.0,594.0,1,281
15931.0,239.9,1,65
15934.0,2190.66,2,54
15936.0,282.79,2,16
15938.0,330.23,4,93
15939.0,2904.83,1,11
15941.0,405.0,1,274
15943.0,271.28999999999996,2,286
15944.0,1839.1399999999999,3,30
15945.0,646.27,4,2
15946.0,2304.18,3,139
15948.0,553.85,1,61
15951.0,304.95,1,18
15953.0,2010.17,11,6
15954.0,187.8,1,226
15956.0,617.6,2,188
15957.0,501.21,2,57
15958.0,388.64,3,40
15959.0,579.49,3,319
15960.0,410.95,4,11
15961.0,451.28999999999996,1,16
15962.0,295.83,1,86
15964.0,272.96,1,300
15965.0,2167.45,10,4
15966.0,426.53,1,87
15967.0,2622.77,10,16
15968.0,415.3,1,25
15969.0,460.95,2,62
15970.0,703.22,1,235
15971.0,1702.98,6,22
15972.0,1810.27,5,93
15973.0,665.62,2,3
15976.0,1301.6,4,47
15978.0,2180.64,2,69
15979.0,329.21999999999997,1,239
15982.0,324.51,1,242
15983.0,2483.8,6,2
15985.0,1572.86,5,73
15986.0,186.29999999999998,1,18
15987.0,230.85,2,5
15988.0,609.56,2,188
15989.0,372.51,2,12
15990.0,1217.94,5,131
15991.0,150.55,1,171
15992.0,854.61,2,33
15994.0,775.11,2,48
15995.0,696.1899999999999,1,51
15996.0,626.22,2,3
15999.0,20.4,1,372
16001.0,583.39,1,18
16002.0,169.21,1,262
16003.0,2878.46,5,18
16004.0,2146.39,5,111
16005.0,1820.41,6,12
16006.0,245.77,1,24
16007.0,1373.2,3,20
16010.0,1316.56,8,13
16012.0,1574.5,2,38
16014.0,467.89,2,45
16016.0,1025.18,4,3
16017.0,1341.95,4,54
16018.0,289.23,2,33
16021.0,532.25,2,32
16024.0,232.96,2,48
16027.0,1113.74,9,94
16028.0,82.2,1,232
16032.0,1970.45,6,93
16033.0,2019.73,8,6
16034.0,491.02,3,31
16035.0,217.73,1,197
16036.0,1797.92,2,61
16037.0,654.32,2,181
16039.0,456.4,2,60
16040.0,1103.35,4,67
16042.0,1067.85,3,16
16043.0,1082.6,4,16
16044.0,340.84,1,72
16045.0,2094.23,4,53
16046.0,235.78,1,199
16048.0,818.79,4,10
16049.0,787.89,3,12
16050.0,162.8,2,20
16051.0,188.44,1,318
16053.0,2122.89,4,50
16054.0,1327.98,3,55
16057.0,1591.73,3,156
16058.0,62.7,1,43
16059.0,1757.91,7,4
16060.0,541.95,3,37
16061.0,89.65,1,68
16062.0,1709.83,4,16
16064.0,111.0,1,362
16065.0,2010.53,8,2
16067.0,3395.29,3,199
16068.0,122.93,1,230
16069.0,457.7,1,54
16071.0,750.56,3,164
16072.0,3744.57,3,65
16074.0,265.25,1,27
16075.0,736.93,2,139
16077.0,2300.3999999999996,1,262
16078.0,283.79,1,306
16080.0,385.4,2,22
16081.0,1653.28,4,3
16082.0,106.75,1,307
16083.0,1033.8,2,19
16085.0,1345.7,7,17
16086.0,1743.6,6,4
16087.0,1739.92,5,26
16088.0,1437.43,2,212
16089.0,271.44,2,23
16090.0,205.91,1,261
16092.0,770.0799999999999,3,141
16094.0,2617.33,7,12
16095.0,447.05,1,93
16096.0,1264.3500000000001,3,53
16098.0,2442.47,8,10
16099.0,841.3,4,54
16100.0,582.64,1,99
16101.0,1938.46,3,71
16104.0,2476.25,8,55
16105.0,2049.23,4,75
16108.0,1393.42,3,71
16109.0,327.59999999999997,1,335
16110.0,481.79,1,159
16111.0,562.48,1,65
16115.0,907.17,4,34
16117.0,422.19,2,39
16119.0,1297.45,6,31
16120.0,1747.77,2,59
16121.0,609.98,3,27
16122.0,316.92,3,3
16124.0,1523.49,3,55
16127.0,145.06,1,363
16128.0,1920.83,6,17
16129.0,1396.05,3,44
16130.0,987.48,4,59
16132.0,664.1999999999999,2,181
16134.0,1527.25,3,60
16135.0,301.9,1,220
16136.0,237.42000000000002,1,300
16137.0,422.7,1,317
16138.0,910.35,3,15
16139.0,475.74,2,359
16140.0,832.42,2,8
16141.0,335.54,1,54
16143.0,2485.89,7,6
16145.0,3005.95,8,25
16146.0,212.25,1,85
16147.0,2023.91,4,37
16148.0,310.3,1,73
16149.0,141.7,1,66
16150.0,2342.57,6,9
16153.0,3309.2599999999998,6,57
16155.0,796.9,5,18
16156.0,3096.14,11,19
16158.0,628.32,9,159
16159.0,884.59,3,107
16163.0,1992.98,5,2
16165.0,79.9,1,142
16166.0,435.83,2,65
16167.0,1386.12,5,51
16172.0,744.34,3,110
16174.0,1237.2,4,128
16175.0,798.85,3,108
16176.0,2052.69,4,58
16177.0,1915.3600000000001,7,73
16178.0,414.7,1,38
16182.0,3354.0,5,75
16183.0,739.1,3,31
16185.0,115.31,1,201
16188.0,105.8,1,45
16190.0,2508.47,7,31
16192.0,351.3,1,372
16193.0,315.98,1,47
16194.0,308.6,1,12
16195.0,323.25,1,360
16196.0,93.3,1,125
16197.0,2016.71,9,106
16198.0,629.36,1,74
16199.0,942.75,7,29
16201.0,248.65,1,52
16202.0,2136.72,8,54
16203.0,521.64,3,9
16204.0,538.53,2,17
16205.0,1069.23,3,33
16206.0,2052.51,9,24
16208.0,2776.19,8,31
16209.0,1884.16,4,19
16211.0,543.5699999999999,2,58
16212.0,603.37,2,255
16214.0,975.5,1,72
16218.0,1355.29,7,10
16219.0,40.8,1,137
16221.0,1369.2,7,4
16222.0,498.5,1,358
16223.0,1102.35,2,11
16224.0,321.24,1,24
16225.0,1771.09,10,39
16226.0,417.05,2,15
16227.0,713.0,2,131
16228.0,890.81,3,22
16229.0,1857.26,4,18
16231.0,1078.22,4,16
16232.0,1722.09,3,57
16233.0,1429.03,7,3
16234.0,333.18,3,113
16235.0,1186.4,4,12
16237.0,136.65,1,74
16238.0,63.66,1,59
16239.0,1078.0,4,19
16241.0,1718.39,4,6
16244.0,1056.6299999999999,1,9
16246.0,827.25,2,96
16250.0,401.94,2,10
16251.0,128.31,1,149
16252.0,295.09,1,19
16253.0,3576.29,5,57
16254.0,985.14,3,15
16255.0,2286.89,8,2
16256.0,826.9399999999999,2,130
16259.0,361.94,3,47
16261.0,312.62,2,23
16262.0,755.15,1,15
16263.0,351.01,1,60
16264.0,837.53,2,75
16265.0,1338.17,3,23
16266.0,896.06,7,60
16267.0,186.66,1,228
16269.0,717.5699999999999,1,74
16271.0,2018.78,4,107
16273.0,336.03999999999996,2,285
16274.0,337.75,1,10
16275.0,1591.24,2,111
16276.0,1818.79,2,116
16277.0,188.69,1,370
16278.0,551.46,2,117
16280.0,238.04999999999998,1,362
16281.0,1361.96,2,60
16282.0,1139.28,2,124
16283.0,2833.01,3,55
16284.0,205.8,1,30
16285.0,176.9,1,283
16286.0,328.95,2,114
16287.0,864.48,4,13
16288.0,129.85,1,107
16289.0,136.31,1,99
16290.0,2069.3,4,101
16292.0,951.51,4,17
16293.0,2408.96,6,4
16294.0,126.05,1,113
16296.0,1313.67,4,263
16298.0,487.5,4,34
16299.0,193.65,1,114
16300.0,1392.43,3,67
16301.0,107.33,1,373
16303.0,2567.64,4,29
16304.0,381.65999999999997,1,331
16306.0,560.55,2,4
16307.0,1194.92,3,66
16308.0,2560.0,3,43
16310.0,460.08,2,51
16312.0,171.15,1,69
16314.0,1491.4,3,26
16315.0,176.34,1,173
16316.0,2806.0,5,17
16317.0,850.86,2,187
16321.0,230.9,2,263
16323.0,146.16,1,214
16325.0,3003.26,9,61
16326.0,1621.03,10,20
16328.0,310.83,1,200
16329.0,1703.07,4,64
16330.0,382.42,4,61
16331.0,2037.7,6,69
16332.0,414.69,4,68
16334.0,277.48,1,129
16335.0,2774.0,7,188
16336.0,3517.69,4,57
16340.0,976.99,2,76
16341.0,1878.92,3,74
16343.0,316.59000000000003,1,44
16344.0,741.3199999999999,3,146
16345.0,623.33,1,120
16346.0,224.51,1,22
16347.0,2621.76,9,25
16348.0,328.77,1,67
16350.0,1137.42,5,11
16354.0,733.71,3,16
16355.0,416.35,1,12
16356.0,204.1,3,13
16357.0,209.49,1,18
16358.0,892.15,1,31
16359.0,946.83,7,13
16362.0,212.17,1,74
16365.0,1766.78,7,4
16366.0,1220.83,3,219
16367.0,557.91,1,20
16368.0,142.78,1,72
16369.0,1111.15,4,73
16371.0,157.2,1,85
16372.0,960.68,3,46
16373.0,309.49,2,19
16374.0,1292.52,3,39
16375.0,104.0,2,107
16377.0,632.28,1,254
16381.0,258.7,2,32
16382.0,353.1,2,45
16383.0,2297.78,5,33
16384.0,774.45,2,66
16385.0,474.71999999999997,3,3
16386.0,785.39,1,24
16387.0,824.19,4,32
16388.0,186.05,1,290
16390.0,467.5,3,173
16391.0,1100.21,4,37
16392.0,540.61,2,50
16393.0,2515.45,11,6
16395.0,2050.1,9,30
16396.0,137.8,1,113
16397.0,127.88,1,265
16399.0,233.25,1,26
16400.0,2855.5099999999998,8,32
16401.0,2749.13,11,16
16402.0,211.8,1,6
16406.0,389.61,2,87
16407.0,694.72,4,26
16408.0,231.93,1,228
16409.0,3680.16,7,17
16410.0,130.32,1,371
16411.0,695.54,3,6
16412.0,495.4,4,30
16413.0,266.78000000000003,1,12
16414.0,433.46,3,68
16415.0,509.09000000000003,2,220
16416.0,1921.48,6,27
16417.0,35.7,1,129
16418.0,426.67,2,45
16419.0,515.19,2,214
16420.0,75.0,1,33
16421.0,526.27,3,13
16424.0,309.5,1,19
16428.0,660.28,3,50
16430.0,802.09,5,18
16433.0,200.26,1,45
16434.0,1219.49,5,83
16435.0,1011.5699999999999,3,149
16436.0,329.34,3,305
16437.0,301.25,2,18
16439.0,310.7,1,359
16440.0,216.3,1,130
16441.0,647.28,3,54
16442.0,282.68,2,241
16443.0,162.24,1,157
16445.0,372.22,3,23
16447.0,516.13,2,227
16448.0,178.98,1,108
16450.0,1193.81,2,221
16451.0,746.1800000000001,2,198
16452.0,332.17,2,267
16453.0,251.71,2,167
16454.0,1.55,1,248
16455.0,2543.19,6,8
16459.0,71.78999999999999,1,366
16461.0,1457.8,2,227
16465.0,746.24,2,57
16466.0,2235.13,8,20
16467.0,2869.16,7,145
16468.0,712.62,2,107
16469.0,178.48,1,151
16470.0,1696.21,7,33
16471.0,966.03,3,30
16472.0,789.6,2,71
16473.0,154.72,1,11
16476.0,350.35,1,68
16477.0,1825.56,5,8
16481.0,453.38,1,319
16485.0,1931.03,4,69
16486.0,134.36,1,174
16487.0,209.4,2,214
16489.0,303.7,2,17
16490.0,205.41,1,73
16491.0,801.66,1,50
16492.0,385.56,1,177
16493.0,780.46,3,81
16496.0,731.25,3,68
16499.0,2212.89,6,11
16500.0,443.05,3,11
16501.0,1237.23,1,20
16502.0,266.5,2,257
16503.0,2182.41,7,32
16507.0,152.76,1,209
16508.0,248.8,1,267
16510.0,1831.6499999999999,6,9
16511.0,868.76,3,34
16515.0,1589.17,5,16
16518.0,475.05,2,58
16519.0,341.18,3,2
16520.0,1436.05,4,2
16521.0,1144.26,3,52
16522.0,433.36,2,72
16523.0,2497.86,7,52
16524.0,308.14,2,83
16526.0,426.84999999999997,1,221
16527.0,1044.38,1,61
16529.0,1556.75,3,114
16530.0,48.35,1,305
16531.0,1053.74,4,18
16532.0,2007.8400000000001,2,68
16534.0,635.9,1,279
16535.0,387.84,1,22
16537.0,10.55,1,278
16538.0,399.62,3,178
16539.0,2343.2,7,10
16540.0,226.7,1,51
16541.0,424.03,1,372
16542.0,137.7,1,38
16543.0,292.21,1,228
16544.0,376.7,4,156
16545.0,350.52,1,12
16547.0,111.71,1,183
16548.0,30.15,1,236
16551.0,1315.0,4,60
16552.0,95.28999999999999,1,10
16554.0,2004.62,5,23
16555.0,1629.79,4,142
16559.0,185.2,1,34
16560.0,2206.97,6,34
16562.0,223.86,1,113
16563.0,3345.02,5,37
16564.0,87.80000000000001,1,206
16565.0,599.35,3,43
16568.0,1020.9,2,64
16569.0,1331.03,4,268
16570.0,3695.91,10,16
16571.0,2827.0499999999997,7,32
16574.0,850.34,2,60
16576.0,540.87,2,57
16577.0,380.0,1,303
16578.0,156.6,1,263
16579.0,295.05,1,62
16583.0,297.95,2,10
16584.0,2227.59,3,69
16585.0,341.59000000000003,2,230
16586.0,998.8299999999999,2,81
16588.0,1361.28,4,23
16589.0,153.12,1,87
16590.0,605.9,2,37
16593.0,741.11,5,27
16595.0,1450.02,4,13
16596.0,329.48,3,3
16599.0,172.8,1,22
16600.0,1339.8899999999999,7,11
16601.0,439.45,2,27
16602.0,235.25,1,25
16604.0,432.45,2,199
16605.0,60.48,1,361
16606.0,357.66,2,41
16607.0,2359.16,11,36
16608.0,1288.72,2,90
16611.0,1655.6399999999999,5,40
16612.0,2057.77,5,16
16614.0,673.6,2,39
16615.0,291.5,1,263
16619.0,1712.12,3,20
16620.0,1579.97,4,26
16622.0,225.4,1,180
16623.0,885.79,3,38
16625.0,1320.95,4,59
16628.0,130.05,2,44
16630.0,106.8,1,44
16631.0,1892.52,7,118
16632.0,406.4,2,122
16634.0,1596.71,5,9
16635.0,473.0,1,43
16636.0,3802.04,4,75
16638.0,749.81,6,5
16639.0,490.47,1,46
16640.0,179.4,1,34
16641.0,323.4,1,338
16642.0,389.12,1,52
16643.0,435.6,1,59
16645.0,160.39,1,372
16646.0,678.8,1,86
16647.0,327.84,2,79
16648.0,382.14,2,92
16649.0,306.58,1,157
16650.0,1397.69,6,57
16651.0,136.2,1,223
16654.0,1110.2,5,5
16655.0,2753.85,7,48
16658.0,680.83,5,5
16660.0,611.9,3,59
16661.0,986.63,4,177
16662.0,163.8,1,31
16663.0,165.0,1,366
16664.0,109.2,1,206
16666.0,106.96,1,258
16668.0,555.7,7,24
16673.0,188.82999999999998,1,316
16675.0,608.86,2,78
16676.0,769.78,2,39
16677.0,880.62,2,48
16679.0,663.31,3,3
16680.0,637.75,2,165
16681.0,151.5,1,278
16683.0,320.25,1,170
16686.0,2008.09,9,26
16687.0,157.63,1,27
16690.0,127.45,2,30
16691.0,178.82999999999998,2,55
16692.0,638.7,2,45
16693.0,717.45,3,48
16694.0,98.3,1,360
16695.0,193.15,2,198
16699.0,994.6,7,17
16702.0,1109.53,4,52
16704.0,695.66,2,255
16707.0,551.11,4,37
16711.0,1217.45,4,16
16712.0,621.5600000000001,2,38
16714.0,368.27,1,307
16715.0,323.8,1,199
16716.0,1248.48,1,267
16717.0,3127.85,9,3
16718.0,3023.78,5,6
16719.0,2177.88,8,5
16720.0,448.24,2,13
16723.0,712.48,2,80
16724.0,147.35,1,41
16725.0,1101.09,8,8
16726.0,706.39,2,20
16727.0,1164.6,3,29
16731.0,174.05,1,285
16732.0,3783.89,3,40
16733.0,259.68,1,166
16736.0,2956.56,5,142
16737.0,417.6,1,214
16739.0,463.43,1,173
16740.0,236.81,1,32
16741.0,173.06,1,262
16743.0,2015.17,7,93
16748.0,2121.43,9,25
16752.0,207.5,1,9
16755.0,1403.75,4,104
16756.0,1072.97,6,41
16757.0,163.65,1,46
16760.0,228.0,1,67
16763.0,352.85,1,375
16765.0,420.75,1,19
16767.0,2488.85,4,55
16768.0,1230.03,6,20
16769.0,761.36,3,115
16770.0,1162.03,5,9
16771.0,1704.29,5,94
16772.0,3723.5499999999997,3,60
16773.0,249.65,2,73
16774.0,932.93,4,60
16775.0,1361.23,6,4
16776.0,231.57,1,52
16777.0,1081.41,3,50
16780.0,180.36,1,44
16781.0,623.0,2,9
16783.0,391.95,1,73
16784.0,788.93,4,13
16785.0,533.78,1,46
16786.0,51.84,1,30
16787.0,1035.43,4,34
16788.0,1352.82,3,41
16791.0,2316.91,8,20
16792.0,513.08,3,20
16794.0,868.2,5,17
16795.0,2077.5099999999998,3,2
16797.0,1827.77,5,30
16798.0,848.71,3,191
16799.0,495.98,2,69
16802.0,582.61,2,316
16805.0,621.65,2,214
16807.0,1002.29,3,107
16809.0,812.74,4,69
16810.0,532.5,1,57
16812.0,1912.65,3,15
16815.0,410.97,2,90
16817.0,1200.15,5,5
16819.0,182.59,2,102
16821.0,113.35,1,18
16822.0,181.39,1,323
16823.0,1901.71,6,24
16824.0,225.6,1,30
16825.0,1051.71,3,15
16827.0,392.13,5,30
16829.0,316.1,1,25
16830.0,881.59,3,79
16831.0,91.8,1,201
16832.0,218.46,2,65
16833.0,1302.51,2,76
16834.0,485.5,1,311
16835.0,1357.56,5,10
16836.0,530.5,2,43
16838.0,570.76,2,167
16840.0,139.85,2,240
16841.0,2136.24,6,65
16844.0,614.34,2,199
16845.0,253.88,1,255
16846.0,628.09,2,214
16847.0,421.45,1,255
16848.0,1130.2,3,13
16854.0,1408.96,2,54
16856.0,323.09,2,54
16857.0,352.8,1,79
16859.0,1184.6,5,53
16860.0,1610.62,3,89
16861.0,772.83,3,27
16862.0,662.3299999999999,4,184
16863.0,495.71999999999997,2,3
16864.0,409.25,2,71
16865.0,130.95,1,38
16867.0,76.74,1,326
16868.0,393.39,3,31
16870.0,450.15999999999997,1,106
16872.0,533.11,3,64
16874.0,217.74,1,16
16875.0,2139.0,6,74
16876.0,136.01,1,40
16880.0,321.78000000000003,1,130
16884.0,644.08,2,193
16885.0,237.98,1,22
16886.0,134.0,1,93
16887.0,465.84000000000003,2,37
16888.0,437.15,3,37
16889.0,952.23,3,34
16890.0,277.90999999999997,3,113
16891.0,1247.1200000000001,7,8
16892.0,236.56,2,191
16893.0,255.42000000000002,2,3
16894.0,1324.06,3,139
16895.0,902.28,4,75
16896.0,103.95,1,192
16898.0,507.56,3,5
16899.0,439.46,2,15
16901.0,204.26,1,366
16903.0,689.04,2,17
16904.0,1378.1,7,4
16905.0,1929.22,11,8
16906.0,868.18,3,65
16907.0,726.25,5,2
16908.0,252.59,1,359
16911.0,255.25,2,272
16912.0,1904.93,4,58
16913.0,310.47,2,288
16915.0,921.5,5,23
16916.0,541.24,3,9
16917.0,1466.31,1,269
16918.0,2144.47,10,59
16920.0,355.45,1,48
16921.0,276.88,2,79
16922.0,611.08,1,209
16925.0,125.65,1,177
16926.0,1191.1,5,8
16928.0,1174.13,10,10
16931.0,629.4,3,6
16932.0,278.77,2,60
16933.0,2618.02,7,26
16934.0,1160.06,4,20
16935.0,535.1,3,18
16936.0,288.49,1,22
16937.0,202.1,1,136
16939.0,449.0,3,125
16940.0,3377.78,5,87
16941.0,33.0,1,248
16944.0,101.36,1,246
16946.0,1222.04,5,20
16947.0,540.23,3,99
16948.0,433.75,4,66
16950.0,2597.81,8,4
16952.0,631.17,3,78
16955.0,790.74,4,5
16958.0,809.44,1,72
16960.0,1536.3799999999999,5,27
16961.0,560.39,2,25
16962.0,251.04,1,46
16964.0,207.85000000000002,2,370
16970.0,71.4,1,263
16972.0,786.25,2,19
16973.0,127.0,1,23
16974.0,365.5,2,159
16975.0,926.12,3,60
16977.0,496.0,4,32
16978.0,424.55,2,303
16979.0,1007.74,3,20
16980.0,394.37,1,65
16983.0,1778.97,5,6
16986.0,3015.55,9,82
16987.0,888.9,4,13
16988.0,256.55,1,16
16990.0,165.0,1,59
16991.0,1041.21,1,58
16993.0,1950.95,2,100
16996.0,666.65,3,19
16998.0,107.0,1,81
17000.0,406.3,2,33
17001.0,2651.23,8,13
17002.0,1077.82,4,80
17003.0,830.16,4,39
17004.0,1012.22,2,29
17005.0,742.36,2,107
17006.0,854.54,4,29
17007.0,230.17,1,74
17008.0,81.36,1,66
17009.0,242.06,1,188
17011.0,400.8,2,284
17012.0,384.16,1,362
17016.0,552.4,1,213
17018.0,1367.6,4,24
17019.0,2724.29,8,5
17020.0,935.62,2,179
17021.0,1182.22,6,79
17022.0,189.0,1,69
17023.0,800.18,3,54
17025.0,1152.87,4,10
17026.0,54.15,2,6
17027.0,436.82,3,83
17028.0,1593.83,3,218
17029.0,1421.3,5,19
17031.0,2393.5,4,15
17032.0,2916.97,5,240
17033.0,302.65,1,34
17034.0,538.4,2,46
17035.0,180.06,2,228
17036.0,176.9,1,20
17038.0,630.77,1,52
17039.0,1954.99,1,241
17040.0,13.52,1,187
17041.0,604.71,3,34
17043.0,881.37,4,12
17045.0,488.24,2,13
17046.0,1264.05,4,81
17047.0,1188.33,3,68
17048.0,1146.33,4,74
17050.0,1162.82,4,12
17051.0,467.25,3,83
17055.0,239.55,1,82
17056.0,128.60000000000002,1,375
17057.0,288.79,1,233
17059.0,2507.49,5,6
17062.0,664.81,4,2
17063.0,2177.39,6,44
17065.0,194.7,2,274
17066.0,228.34,1,363
17067.0,454.53999999999996,3,361
17069.0,3084.58,6,10
17070.0,133.18,1,47
17071.0,1372.17,4,18
17072.0,282.05,1,262
17074.0,203.05,1,199
17075.0,1407.61,6,66
17076.0,401.67,3,29
17077.0,306.0,1,215
17080.0,669.91,5,16
17081.0,674.23,4,32
17082.0,2728.18,4,31
17083.0,2644.01,6,46
17084.0,2253.22,1,33
17087.0,221.53,1,374
17089.0,128.45,1,23
17090.0,1105.53,6,11
17092.0,3817.18,7,74
17093.0,235.88,1,229
17094.0,100.2,1,60
17095.0,1248.09,4,67
17096.0,2737.05,7,20
17097.0,386.03,2,2
17098.0,591.07,3,18
17099.0,582.17,1,170
17101.0,885.3199999999999,3,31
17103.0,424.3,1,359
17104.0,474.03000000000003,1,60
17106.0,491.23,1,26
17108.0,174.95,1,300
17109.0,410.42,2,43
17110.0,347.4,2,157
17111.0,227.97,1,62
17112.0,205.17000000000002,1,139
17113.0,2322.59,6,211
17115.0,1923.99,4,185
17116.0,389.78,1,285
17121.0,314.74,1,39
17122.0,432.18,3,25
17123.0,621.37,2,76
17126.0,1058.19,4,18
17127.0,1155.03,5,65
17129.0,31.85,1,157
17132.0,1272.8,2,89
17134.0,212.1,1,79
17135.0,808.63,4,8
17136.0,231.68,1,299
17137.0,1133.63,6,53
17141.0,754.33,4,55
17142.0,704.75,3,41
17143.0,924.11,2,54
17145.0,3120.91,4,149
17147.0,1485.36,5,89
17149.0,143.10000000000002,1,88
17150.0,1375.65,6,13
17151.0,231.90000000000003,1,372
17152.0,327.0,1,62
17155.0,640.76,5,164
17156.0,591.87,1,128
17158.0,713.03,2,184
17159.0,560.71,2,114
17161.0,856.01,1,81
17163.0,406.68,2,82
17165.0,1635.64,5,18
17167.0,867.11,3,16
17168.0,400.2,1,135
17169.0,320.95,1,215
17170.0,178.68,2,11
17171.0,159.68,1,298
17172.0,638.81,2,67
17176.0,596.1899999999999,2,163
17177.0,119.5,1,142
17178.0,436.71000000000004,1,368
17179.0,795.47,3,19
17180.0,1460.95,7,59
17181.0,225.45,2,10
17182.0,321.3,2,59
17184.0,198.41,2,206
17185.0,229.46,3,228
17187.0,263.76,1,163
17188.0,2118.7,6,83
17189.0,573.23,3,197
17190.0,1296.46,5,40
17191.0,2740.92,11,5
17192.0,77.83,1,173
17193.0,610.74,2,23
17194.0,549.88,1,167
17195.0,562.98,1,292
17196.0,352.9,1,64
17198.0,521.66,2,2
17199.0,145.12,1,219
17200.0,356.71,4,24
17201.0,888.91,3,160
17202.0,160.65,1,57
17203.0,2012.03,4,25
17205.0,615.27,2,53
17207.0,302.37,1,289
17208.0,115.35,1,32
17209.0,611.6,3,286
17210.0,253.37,1,29
17211.0,1729.43,6,6
17212.0,567.56,2,95
17213.0,2401.07,7,3
17215.0,186.15,1,101
17216.0,65.05,1,191
17217.0,104.5,1,256
17218.0,2229.96,9,5
17219.0,144.9,1,53
17220.0,1277.6,7,54
17221.0,643.39,3,228
17222.0,1234.96,5,114
17223.0,411.74,2,5
17224.0,100.86000000000001,1,138
17225.0,131.15,1,218
17226.0,506.63,2,81
17227.0,1082.71,7,5
17228.0,1271.15,7,4
17233.0,369.98,2,85
17235.0,1354.82,7,9
17236.0,1013.13,6,47
17237.0,687.39,2,12
17239.0,806.95,3,24
17240.0,130.6,1,233
17242.0,1754.24,3,93
17244.0,871.14,4,20
17245.0,200.18,1,326
17246.0,38.92,2,183
17248.0,227.51,1,118
17249.0,68.03,1,65
17251.0,529.15,2,19
17254.0,198.29,1,38
17255.0,500.71999999999997,2,27
17256.0,258.93,3,118
17257.0,192.73,2,73
17258.0,417.3,2,33
17259.0,1285.97,5,5
17260.0,120.95,1,48
17261.0,230.44,1,146
17262.0,1504.26,7,3
17264.0,279.59,1,61
17266.0,207.09,2,136
17268.0,970.25,7,82
17269.0,537.46,1,22
17270.0,604.4,2,106
17271.0,210.39,1,373
17273.0,141.12,1,61
17274.0,465.4,1,32
17275.0,114.52,1,20
17276.0,507.14,1,39
17278.0,25.2,1,202
17280.0,118.86,1,75
17281.0,797.85,6,11
17282.0,636.25,2,93
17283.0,188.46,1,15
17284.0,911.12,1,26
17285.0,420.84,2,265
17286.0,241.56,2,37
17288.0,1080.25,4,27
17289.0,1134.98,6,13
17290.0,915.72,6,18
17292.0,271.75,2,109
17293.0,1899.12,8,31
17294.0,467.79,2,306
17296.0,338.13,1,367
17298.0,443.24,3,11
17299.0,346.97,2,76
17300.0,393.64,2,27
17301.0,132.8,1,261
17304.0,111.5,1,171
17305.0,2135.46,1,285
17306.0,1151.04,2,30
17309.0,247.84,2,18
17310.0,1025.1,2,24
17311.0,2181.71,4,29
17314.0,2376.5099999999998,9,30
17315.0,3358.34,5,12
17316.0,124.45,1,57
17318.0,164.28,1,362
17319.0,29.099999999999998,1,306
17320.0,1695.15,4,5
17321.0,1040.32,4,31
17322.0,922.59,5,13
17323.0,644.52,5,44
17324.0,1311.64,9,3
17325.0,512.77,2,47
17326.0,321.95,2,45
17327.0,152.35,2,46
17328.0,104.7,1,310
17329.0,481.32,3,368
17330.0,59.900000000000006,2,181
17332.0,827.77,5,165
17334.0,328.13,1,43
17335.0,508.0,2,20
17336.0,81.12,1,109
17339.0,119.0,2,2
17341.0,1108.47,3,3
17342.0,1227.54,4,16
17343.0,1066.3,5,13
17344.0,307.54,1,365
17345.0,1066.94,6,12
17348.0,1304.79,4,74
17349.0,741.5,4,17
17350.0,619.97,3,31
17351.0,1377.23,9,64
17352.0,36.25,1,333
17353.0,1502.0,2,128
17354.0,1750.4,3,65
17355.0,285.11,1,23
17356.0,768.25,4,191
17358.0,500.2,3,13
17359.0,156.6,1,285
17360.0,645.59,3,22
17361.0,392.44,2,313
17362.0,711.81,5,37
17363.0,940.86,3,32
17365.0,3423.42,7,23
17366.0,1096.24,2,69
17368.0,913.47,6,12
17369.0,979.2,1,92
17371.0,234.66,3,260
17373.0,520.58,3,55
17374.0,231.34,1,32
17375.0,260.45,1,68
17376.0,250.44,2,41
17378.0,10.95,1,11
17380.0,645.0,3,71
17382.0,836.88,7,72
17383.0,110.7,1,90
17384.0,171.15,1,104
17386.0,126.35000000000001,1,22
17388.0,1432.01,7,57
17390.0,149.3,1,57
17392.0,168.65,1,87
17393.0,381.15000000000003,2,47
17395.0,97.5,1,145
17396.0,1476.3,7,8
17397.0,536.77,1,53
17400.0,2547.09,3,218
17401.0,114.85,1,178
17403.0,118.95,1,87
17406.0,2704.63,11,3
17407.0,552.9,1,48
17408.0,283.44,2,137
17411.0,646.44,2,23
17412.0,3159.46,10,9
17413.0,560.14,2,41
17414.0,1471.52,4,60
17417.0,164.18,1,185
17418.0,206.6,1,24
17419.0,2273.95,8,4
17420.0,485.6,4,10
17421.0,1059.41,3,23
17422.0,1615.3899999999999,5,18
17423.0,420.54,1,30
17426.0,3040.51,7,89
17429.0,832.54,2,33
17430.0,469.40999999999997,3,2
17432.0,1385.6299999999999,7,22
17433.0,266.8,1,22
17435.0,331.34999999999997,1,48
17436.0,317.76,3,45
17437.0,373.17,1,166
17438.0,1034.32,4,81
17439.0,325.74,1,292
17440.0,137.16,1,186
17441.0,293.34999999999997,1,369
17442.0,2371.7400000000002,9,18
17449.0,2430.29,6,24
17454.0,1030.41,6,99
17456.0,975.56,2,2
17458.0,213.08,1,18
17463.0,661.5,2,197
17464.0,710.98,2,159
17465.0,2542.79,7,62
17467.0,102.6,1,32
17468.0,57.8,1,12
17470.0,1679.8,7,4
17471.0,321.65,1,111
17472.0,224.81,1,265
17473.0,607.0,2,45
17474.0,1047.0,1,236
17476.0,489.86,2,32
17477.0,1144.3,2,249
17478.0,1272.8,2,45
17479.0,389.26,1,269
17480.0,390.21,1,81
17482.0,778.19,2,124
17483.0,177.69,1,51
17484.0,209.57,2,213
17487.0,160.55,1,365
17488.0,336.5,1,278
17490.0,658.18,2,25
17491.0,2422.2,8,4
17492.0,747.85,2,115
17493.0,100.91,1,22
17494.0,54.7,1,138
17495.0,309.16,1,27
17496.0,1141.84,3,200
17497.0,287.25,2,27
17499.0,718.51,1,198
17505.0,1289.6399999999999,3,187
17510.0,206.07999999999998,1,57
17512.0,2542.83,8,89
17513.0,645.6,2,45
17514.0,334.18,1,306
17515.0,978.4399999999999,5,31
17516.0,189.47,1,15
17518.0,329.42,2,62
17519.0,3265.45,10,5
17521.0,554.85,2,31
17524.0,394.14,2,75
17525.0,739.1999999999999,2,34
17526.0,2970.14,9,2
17529.0,1240.25,2,247
17530.0,756.51,3,2
17531.0,970.12,2,164
17532.0,65.34,1,22
17533.0,34.8,1,71
17534.0,1445.47,4,88
17536.0,288.33,2,57
17539.0,1211.57,3,265
17540.0,1011.6999999999999,4,20
17541.0,124.46,1,146
17542.0,170.95,2,278
17543.0,120.05,1,186
17544.0,960.6899999999999,3,27
17545.0,802.58,3,27
17547.0,727.85,2,12
17548.0,627.96,3,15
17550.0,2280.48,6,34
17552.0,2154.88,10,9
17553.0,2270.0,3,109
17555.0,574.48,3,62
17556.0,142.76999999999998,1,16
17557.0,34.0,1,369
17558.0,259.17,1,30
17559.0,167.62,1,149
17560.0,1040.85,4,32
17561.0,554.72,3,27
17563.0,392.38,2,215
17565.0,131.83,1,223
17567.0,1024.55,2,9
17568.0,382.79,1,270
17571.0,205.24,1,179
17572.0,496.26,7,10
17575.0,171.7,1,304
17577.0,348.75,2,282
17578.0,903.87,6,111
17579.0,304.38,1,215
17580.0,329.55,2,13
17582.0,1275.43,4,83
17583.0,135.95,1,197
17585.0,960.23,3,82
17586.0,167.4,1,256
17587.0,178.71,1,265
17588.0,1699.35,4,33
17591.0,550.7,2,4
17592.0,148.3,1,375
17594.0,1504.7,2,86
17596.0,2092.74,7,5
17597.0,1439.72,4,55
17598.0,409.98,1,18
17599.0,52.05,1,114
17601.0,305.05,1,17
17602.0,2348.16,8,109
17603.0,1398.76,3,254
17604.0,636.57,4,59
17605.0,160.75,1,227
17606.0,87.3,1,374
17607.0,333.81,1,13
17608.0,305.11,2,86
17609.0,777.08,6,39
17610.0,1529.49,5,177
17615.0,403.6,3,24
17616.0,489.59999999999997,2,4
17617.0,395.33,1,195
17618.0,3101.66,8,20
17621.0,1795.22,3,41
17622.0,1130.21,2,234
17623.0,1856.62,6,46
17624.0,725.15,2,74
17626.0,254.0,1,239
17627.0,296.36,1,115
17629.0,641.4,2,25
17631.0,470.15999999999997,4,11
17633.0,732.55,3,16
17635.0,1265.58,3,61
17638.0,842.4000000000001,2,284
17639.0,506.67,5,24
17640.0,2547.28,5,16
17642.0,1112.2,3,66
17643.0,439.7,2,10
17644.0,3132.96,9,31
17646.0,3141.4,10,2
17647.0,198.60000000000002,2,306
17648.0,418.87,1,22
17649.0,710.4,2,106
17651.0,1758.52,6,135
17655.0,1013.54,3,3
17657.0,126.0,1,67
17659.0,835.33,3,9
17660.0,163.47,1,374
17662.0,412.92,2,298
17663.0,3372.92,10,54
17664.0,561.59,2,111
17665.0,563.1,1,130
17666.0,1319.6399999999999,3,114
17667.0,1895.19,4,72
17669.0,2735.63,3,99
17671.0,830.63,2,2
17672.0,2485.57,4,54
17673.0,2604.46,7,12
17674.0,300.66,1,5
17676.0,1378.16,5,3
17678.0,301.65,1,240
17679.0,1585.5,5,158
17680.0,313.05,2,20
17681.0,731.2,5,234
17682.0,1982.45,6,5
17683.0,819.01,3,22
17685.0,2751.64,6,9
17686.0,2557.35,2,60
17687.0,432.68,1,57
17688.0,304.2,1,30
17689.0,317.08,2,25
17690.0,2690.15,8,3
17691.0,489.65,3,5
17692.0,2234.86,8,33
17694.0,1412.85,2,148
17695.0,980.6999999999999,3,31
17699.0,442.0,2,113
17702.0,1319.67,2,20
17703.0,296.09999999999997,1,55
17705.0,260.38,2,92
17707.0,456.9,6,13
17708.0,620.85,2,39
17709.0,533.56,4,107
17710.0,293.5,1,60
17713.0,1198.09,4,19
17714.0,1257.18,4,61
17715.0,163.2,1,229
17717.0,376.92,1,58
17718.0,299.83,1,281
17720.0,1572.97,7,4
17721.0,307.21000000000004,1,296
17722.0,2006.32,2,3
17723.0,102.0,1,12
17726.0,1092.06,7,32
17728.0,1362.75,2,41
17729.0,438.65,1,233
17730.0,2475.32,7,19
17731.0,468.88,2,258
17732.0,2166.42,8,9
17734.0,741.6899999999999,3,162
17738.0,2304.5099999999998,9,32
17740.0,426.9,6,26
17741.0,101.1,2,43
17742.0,1743.37,9,65
17743.0,229.2,1,85
17744.0,326.74,1,17
17745.0,600.34,2,114
17746.0,793.93,3,108
17748.0,358.15,1,164
17749.0,351.66,1,183
17751.0,157.85999999999999,1,58
17753.0,390.56,4,101
17754.0,2805.27,8,11
17756.0,733.7,3,12
17758.0,1555.83,4,64
17759.0,441.92,2,30
17760.0,631.34,5,10
17762.0,129.75,1,93
17763.0,71.15,3,290
17764.0,804.82,3,39
17765.0,158.92,1,85
17766.0,299.61,2,18
17767.0,141.85,1,47
17768.0,1236.33,4,24
17769.0,3105.1,7,20
17771.0,141.6,2,73
17772.0,202.0,1,29
17773.0,585.27,2,151
17774.0,2101.64,5,34
17776.0,337.3,2,23
17778.0,197.7,1,298
17780.0,352.91,3,304
17782.0,679.02,2,19
17783.0,96.44,1,149
17784.0,112.86,1,187
17785.0,271.44,2,82
17787.0,736.28,1,8
17789.0,171.25,1,298
17790.0,818.06,6,15
17792.0,370.05,2,104
17794.0,147.3,2,323
17796.0,664.09,4,6
17797.0,1205.44,5,32
17798.0,177.19,1,218
17799.0,3285.96,10,26
17801.0,798.33,3,88
17802.0,3768.08,8,9
17803.0,184.66,1,29
17804.0,385.23,3,13
17805.0,414.72,1,247
17807.0,437.87,3,32
17808.0,262.64,4,185
17810.0,344.86,2,305
17811.0,1772.07,8,11
17812.0,433.73,4,5
17814.0,1617.32,2,12
17815.0,591.96,1,30
17816.0,75.75999999999999,3,2
17817.0,420.17,3,15
17818.0,130.18,1,374
17819.0,2907.65,6,8
17820.0,183.56,1,11
17821.0,334.62,1,43
17822.0,2179.65,5,57
17823.0,494.25,2,58
17825.0,731.96,4,235
17826.0,134.59,1,11
17827.0,392.59,1,258
17833.0,342.36,1,360
17834.0,730.47,2,51
17840.0,185.72,1,80
17842.0,430.69,1,239
17843.0,120.75,1,48
17845.0,598.1899999999999,4,192
17847.0,125.74,2,152
17849.0,457.96000000000004,4,117
17851.0,1563.34,6,59
17852.0,548.87,3,25
17853.0,1608.19,3,44
17854.0,760.19,4,99
17855.0,208.97,1,9
17857.0,1803.2,2,2
17860.0,762.74,4,5
17861.0,3026.89,10,22
17862.0,948.1899999999999,3,22
17863.0,2585.2,7,6
17864.0,326.82,2,22
17866.0,805.3,2,121
17867.0,402.85,8,47
17868.0,234.65,1,23
17869.0,607.98,3,5
17870.0,1213.8000000000002,2,3
17871.0,963.09,4,34
17872.0,235.87,1,18
17875.0,167.1,1,325
17876.0,3424.02,3,36
17878.0,1032.88,2,32
17880.0,366.0,2,276
17882.0,313.46,2,16
17883.0,324.08,3,176
17886.0,708.77,3,74
17889.0,571.0,5,11
17894.0,1333.57,11,3
17897.0,1971.55,8,4
17898.0,147.12,2,89
17901.0,149.7,2,158
17902.0,216.4,1,183
17903.0,381.09000000000003,1,31
17905.0,1572.78,10,10
17907.0,291.76,1,277
17908.0,1168.26,5,10
17909.0,132.55,1,374
17910.0,261.7,1,363
17912.0,61.54,1,12
17915.0,242.13,1,188
17916.0,43.87,2,265
17918.0,388.44,3,137
17919.0,536.28,1,75
17921.0,1596.98,6,16
17922.0,170.4,1,180
17923.0,289.5,2,164
17924.0,574.2,2,10
17925.0,244.08,1,9
17926.0,638.2,3,81
17927.0,294.0,1,358
17928.0,128.7,1,208
17929.0,2239.1,8,24
17930.0,2534.74,8,30
17933.0,105.99,1,269
17934.0,344.9,1,43
17935.0,540.35,5,37
17938.0,144.29,1,57
17941.0,1128.72,3,227
17944.0,75.41,1,60
17945.0,359.5,3,333
17950.0,950.61,6,2
17951.0,627.54,2,10
17952.0,819.61,4,15
17953.0,150.32,1,177
17954.0,1630.78,9,4
17955.0,392.6,2,292
17958.0,465.41999999999996,1,365
17959.0,140.75,1,229
17960.0,61.300000000000004,2,159
17962.0,583.54,3,186
17963.0,651.51,4,108
17964.0,261.76,1,9
17966.0,875.99,5,228
17967.0,234.22,2,8
17968.0,610.69,4,10
17971.0,161.94,1,185
17974.0,1117.27,3,18
17976.0,353.19,1,9
17977.0,1277.49,1,37
17978.0,1160.84,4,2
17980.0,221.97,1,30
17981.0,239.12,1,47
17982.0,138.18,1,317
17983.0,171.71,1,32
17984.0,1035.09,4,29
17987.0,805.0699999999999,4,13
17988.0,284.57,6,124
17989.0,228.83,1,16
17990.0,896.77,3,17
17991.0,225.55,1,228
17992.0,254.13,1,26
17993.0,235.19,1,254
17994.0,1628.83,7,25
17995.0,419.38,2,19
17996.0,469.73,3,16
17998.0,639.24,3,17
17999.0,348.84000000000003,2,3
18000.0,124.25,1,201
18001.0,536.61,4,86
18002.0,243.17,4,12
18003.0,358.61,1,13
18006.0,553.1800000000001,3,18
18007.0,220.32,1,29
18009.0,1898.49,7,179
18011.0,424.24,2,10
18012.0,115.3,1,360
18016.0,476.9,2,47
18017.0,165.0,1,68
18018.0,175.85,2,36
18020.0,190.48,1,180
18021.0,227.06,2,146
18022.0,983.05,4,22
18025.0,1177.72,6,16
18026.0,2074.07,2,137
18028.0,192.04999999999998,1,220
18029.0,433.77,1,279
18031.0,462.09999999999997,1,15
18034.0,369.97,1,12
18035.0,546.34,2,22
18036.0,1158.02,8,22
18037.0,97.39999999999999,9,58
18038.0,149.41,1,193
18039.0,579.17,4,11
18042.0,116.10000000000001,1,178
18043.0,316.46,1,3
18044.0,1417.01,8,24
18046.0,189.63,1,286
18047.0,342.69,2,18
18048.0,229.44,1,130
18049.0,556.1,2,74
18050.0,337.66,1,30
18051.0,2282.2799999999997,7,271
18053.0,271.05,2,162
18054.0,176.5,1,29
18056.0,190.95,1,255
18057.0,1182.39,3,30
18058.0,603.9,2,178
18060.0,1185.46,2,45
18062.0,912.15,3,23
18063.0,186.6,2,27
18064.0,3681.0299999999997,9,83
18066.0,1122.4,2,23
18069.0,2487.99,6,20
18070.0,314.1,1,306
18071.0,975.63,5,2
18074.0,1019.44,2,10
18075.0,3171.54,10,11
18076.0,151.49,1,17
18077.0,1705.55,8,3
18078.0,508.46999999999997,2,62
18079.0,590.78,1,128
18083.0,470.73,1,34
18084.0,722.45,2,20
18085.0,955.8,3,10
18089.0,428.45,1,83
18090.0,349.4,1,58
18091.0,360.85,1,230
18093.0,2346.19,4,81
18094.0,3374.22,6,83
18095.0,1723.04,3,64
18096.0,874.42,3,79
18097.0,1965.52,5,22
18098.0,550.84,1,33
18100.0,451.56,1,187
18101.0,405.51,3,11
18103.0,105.8,1,186
18106.0,1030.76,5,113
18107.0,167.13,1,79
18108.0,577.81,2,233
18110.0,199.13,1,48
18111.0,405.85,1,226
18112.0,423.27,2,55
18113.0,76.32,1,5
18115.0,9.700000000000001,1,334
18116.0,736.27,5,13
18118.0,1079.4,4,6
18119.0,181.12,1,4
18123.0,95.15,1,150
18124.0,111.53,1,109
18127.0,212.8,1,40
18128.0,420.04,1,174
18131.0,222.96,1,268
18132.0,226.9,1,141
18134.0,445.0,2,235
18135.0,567.71,5,29
18136.0,847.03,2,46
18137.0,145.99,2,188
18140.0,536.41,1,110
18141.0,882.47,2,38
18144.0,2169.25,8,10
18145.0,2756.24,7,19
18148.0,114.1,1,283
18149.0,1012.63,4,41
18151.0,1226.09,4,57
18152.0,426.69,1,283
18153.0,246.22,1,296
18154.0,533.41,3,25
18156.0,206.23000000000002,1,6
18157.0,215.35,1,208
18160.0,365.82,1,23
18161.0,184.41,1,16
18162.0,379.15999999999997,1,369
18163.0,728.84,1,221
18166.0,175.5,1,260
18168.0,2600.33,11,9
18170.0,1897.69,6,11
18171.0,1206.0,4,107
18173.0,589.52,1,249
18174.0,58.5,1,240
18175.0,176.1,1,312
18177.0,875.4499999999999,3,197
18179.0,754.38,2,159
18181.0,823.14,4,37
18182.0,291.13,1,100
18186.0,329.58000000000004,1,359
18187.0,724.89,1,268
18188.0,1279.55,3,67
18189.0,313.49,1,262
18190.0,461.15999999999997,3,240
18191.0,321.6,1,114
18193.0,963.59,2,17
18194.0,3188.2,5,75
18195.0,101.16,1,24
18196.0,773.26,2,108
18197.0,230.1,1,212
18199.0,344.75,1,320
18201.0,447.53,1,359
18203.0,334.0,3,18
18206.0,314.65999999999997,1,190
18207.0,544.47,1,136
18208.0,360.08,1,202
18210.0,147.45,1,19
18212.0,298.3,1,314
18214.0,1780.34,4,167
18215.0,1948.1499999999999,4,74
18217.0,323.28999999999996,2,150
18218.0,479.91999999999996,2,233
18219.0,1493.12,8,5
18220.0,1616.48,5,31
18221.0,383.33,1,27
18227.0,295.0,1,121
18229.0,3526.81,10,3
18230.0,1480.86,2,15
18234.0,179.6,1,188
18236.0,913.11,6,25
18238.0,270.92,1,152
18239.0,588.75,2,9
18241.0,913.9,4,52
18242.0,1372.72,4,82
18243.0,515.78,1,51
18244.0,568.64,2,67
18246.0,162.72,1,246
18247.0,839.73,3,51
18252.0,1015.42,5,185
18253.0,317.88,1,279
18254.0,267.9,1,218
18255.0,199.85,1,93
18256.0,110.69999999999999,1,24
18257.0,2247.52,4,83
18258.0,2059.67,6,101
18259.0,1979.6,5,3
18262.0,428.06,2,30
18264.0,603.25,1,135
18266.0,251.1,1,71
18267.0,269.37,1,309
18268.0,1464.73,5,228
18269.0,168.6,1,3
18270.0,161.4,1,69
18271.0,680.85,2,246
18272.0,1307.4,3,185
18273.0,153.0,1,227
18275.0,741.85,2,215
18276.0,1320.66,5,29
18277.0,1069.67,4,34
18278.0,240.3,1,41
18279.0,231.34,1,156
18280.0,307.55,1,31
18281.0,120.32,1,214
18283.0,641.77,6,19
18284.0,411.68,1,68
18285.0,377.0,1,297
18286.0,1246.43,2,113
18287.0,2295.71,4,19
